attack,base_happiness,base_total,capture_rate,defense,experience_growth,height_m,hp,sp_attack,sp_defense,speed,type1,type2,weight_kg,is_legendary
49.0,70.0,318.0,45.0,49.0,1059860.0,0.7,45.0,65.0,65.0,45.0,grass,poison,6.9,0.0
62.0,70.0,405.0,45.0,63.0,1059860.0,1.0,60.0,80.0,80.0,60.0,grass,poison,13.0,0.0
82.0,70.0,525.0,45.0,83.0,1059860.0,2.0,80.0,100.0,100.0,80.0,grass,poison,100.0,0.0
52.0,70.0,309.0,45.0,43.0,1059860.0,0.6,39.0,60.0,50.0,65.0,fire,,8.5,0.0
64.0,70.0,405.0,45.0,58.0,1059860.0,1.1,58.0,80.0,65.0,80.0,fire,,19.0,0.0
84.0,70.0,534.0,45.0,78.0,1059860.0,1.7,78.0,109.0,85.0,100.0,fire,flying,90.5,0.0
48.0,70.0,314.0,45.0,65.0,1059860.0,0.5,44.0,50.0,64.0,43.0,water,,9.0,0.0
63.0,70.0,405.0,45.0,80.0,1059860.0,1.0,59.0,65.0,80.0,58.0,water,,22.5,0.0
83.0,70.0,530.0,45.0,100.0,1059860.0,1.6,79.0,85.0,105.0,78.0,water,,85.5,0.0
30.0,70.0,195.0,255.0,35.0,1000000.0,0.3,45.0,20.0,20.0,45.0,bug,,2.9,0.0
20.0,70.0,205.0,120.0,55.0,1000000.0,0.7,50.0,25.0,25.0,30.0,bug,,9.9,0.0
45.0,70.0,395.0,45.0,50.0,1000000.0,1.1,60.0,90.0,80.0,70.0,bug,flying,32.0,0.0
35.0,70.0,195.0,255.0,30.0,1000000.0,0.3,40.0,20.0,20.0,50.0,bug,poison,3.2,0.0
25.0,70.0,205.0,120.0,50.0,1000000.0,0.6,45.0,25.0,25.0,35.0,bug,poison,10.0,0.0
90.0,70.0,395.0,45.0,40.0,1000000.0,1.0,65.0,45.0,80.0,75.0,bug,poison,29.5,0.0
45.0,70.0,251.0,255.0,40.0,1059860.0,0.3,40.0,35.0,35.0,56.0,normal,flying,1.8,0.0
60.0,70.0,349.0,120.0,55.0,1059860.0,1.1,63.0,50.0,50.0,71.0,normal,flying,30.0,0.0
80.0,70.0,479.0,45.0,75.0,1059860.0,1.5,83.0,70.0,70.0,101.0,normal,flying,39.5,0.0
56.0,70.0,253.0,255.0,35.0,1000000.0,0.3,30.0,25.0,35.0,72.0,normal,dark,3.5,0.0
71.0,70.0,413.0,127.0,70.0,1000000.0,0.7,75.0,40.0,80.0,77.0,normal,dark,18.5,0.0
60.0,70.0,262.0,255.0,30.0,1000000.0,0.3,40.0,31.0,31.0,70.0,normal,flying,2.0,0.0
90.0,70.0,442.0,90.0,65.0,1000000.0,1.2,65.0,61.0,61.0,100.0,normal,flying,38.0,0.0
60.0,70.0,288.0,255.0,44.0,1000000.0,2.0,35.0,40.0,54.0,55.0,poison,,6.9,0.0
95.0,70.0,448.0,90.0,69.0,1000000.0,3.5,60.0,65.0,79.0,80.0,poison,,65.0,0.0
55.0,70.0,320.0,190.0,40.0,1000000.0,0.4,35.0,50.0,50.0,90.0,electric,,6.0,0.0
85.0,70.0,485.0,75.0,50.0,1000000.0,0.8,60.0,95.0,85.0,110.0,electric,electric,30.0,0.0
75.0,70.0,300.0,255.0,90.0,1000000.0,0.6,50.0,10.0,35.0,40.0,ground,ice,12.0,0.0
100.0,70.0,450.0,90.0,120.0,1000000.0,1.0,75.0,25.0,65.0,65.0,ground,ice,29.5,0.0
47.0,70.0,275.0,235.0,52.0,1059860.0,0.4,55.0,40.0,40.0,41.0,poison,,7.0,0.0
62.0,70.0,365.0,120.0,67.0,1059860.0,0.8,70.0,55.0,55.0,56.0,poison,,20.0,0.0
92.0,70.0,505.0,45.0,87.0,1059860.0,1.3,90.0,75.0,85.0,76.0,poison,ground,60.0,0.0
57.0,70.0,273.0,235.0,40.0,1059860.0,0.5,46.0,40.0,40.0,50.0,poison,,9.0,0.0
72.0,70.0,365.0,120.0,57.0,1059860.0,0.9,61.0,55.0,55.0,65.0,poison,,19.5,0.0
102.0,70.0,505.0,45.0,77.0,1059860.0,1.4,81.0,85.0,75.0,85.0,poison,ground,62.0,0.0
45.0,140.0,323.0,150.0,48.0,800000.0,0.6,70.0,60.0,65.0,35.0,fairy,,7.5,0.0
70.0,140.0,483.0,25.0,73.0,800000.0,1.3,95.0,95.0,90.0,60.0,fairy,,40.0,0.0
41.0,70.0,299.0,190.0,40.0,1000000.0,0.6,38.0,50.0,65.0,65.0,fire,ice,9.9,0.0
67.0,70.0,505.0,75.0,75.0,1000000.0,1.1,73.0,81.0,100.0,109.0,fire,ice,19.9,0.0
45.0,70.0,270.0,170.0,20.0,800000.0,0.5,115.0,45.0,25.0,20.0,normal,fairy,5.5,0.0
70.0,70.0,435.0,50.0,45.0,800000.0,1.0,140.0,85.0,50.0,45.0,normal,fairy,12.0,0.0
45.0,70.0,245.0,255.0,35.0,1000000.0,0.8,40.0,30.0,40.0,55.0,poison,flying,7.5,0.0
80.0,70.0,455.0,90.0,70.0,1000000.0,1.6,75.0,65.0,75.0,90.0,poison,flying,55.0,0.0
50.0,70.0,320.0,255.0,55.0,1059860.0,0.5,45.0,75.0,65.0,30.0,grass,poison,5.4,0.0
65.0,70.0,395.0,120.0,70.0,1059860.0,0.8,60.0,85.0,75.0,40.0,grass,poison,8.6,0.0
80.0,70.0,490.0,45.0,85.0,1059860.0,1.2,75.0,110.0,90.0,50.0,grass,poison,18.6,0.0
70.0,70.0,285.0,190.0,55.0,1000000.0,0.3,35.0,45.0,55.0,25.0,bug,grass,5.4,0.0
95.0,70.0,405.0,75.0,80.0,1000000.0,1.0,60.0,60.0,80.0,30.0,bug,grass,29.5,0.0
55.0,70.0,305.0,190.0,50.0,1000000.0,1.0,60.0,40.0,55.0,45.0,bug,poison,30.0,0.0
65.0,70.0,450.0,75.0,60.0,1000000.0,1.5,70.0,90.0,75.0,90.0,bug,poison,12.5,0.0
55.0,70.0,265.0,255.0,30.0,1000000.0,0.2,10.0,35.0,45.0,90.0,ground,ground,0.8,0.0
100.0,70.0,425.0,50.0,60.0,1000000.0,0.7,35.0,50.0,70.0,110.0,ground,ground,33.3,0.0
35.0,70.0,290.0,255.0,35.0,1000000.0,0.4,40.0,50.0,40.0,90.0,normal,dark,4.2,0.0
60.0,70.0,440.0,90.0,60.0,1000000.0,1.0,65.0,75.0,65.0,115.0,normal,dark,32.0,0.0
52.0,70.0,320.0,190.0,48.0,1000000.0,0.8,50.0,65.0,50.0,55.0,water,,19.6,0.0
82.0,70.0,500.0,75.0,78.0,1000000.0,1.7,80.0,95.0,80.0,85.0,water,,76.6,0.0
80.0,70.0,305.0,190.0,35.0,1000000.0,0.5,40.0,35.0,45.0,70.0,fighting,,28.0,0.0
105.0,70.0,455.0,75.0,60.0,1000000.0,1.0,65.0,60.0,70.0,95.0,fighting,,32.0,0.0
70.0,70.0,350.0,190.0,45.0,1250000.0,0.7,55.0,70.0,50.0,60.0,fire,,19.0,0.0
110.0,70.0,555.0,75.0,80.0,1250000.0,1.9,90.0,100.0,80.0,95.0,fire,,155.0,0.0
50.0,70.0,300.0,255.0,40.0,1059860.0,0.6,40.0,40.0,40.0,90.0,water,,12.4,0.0
65.0,70.0,385.0,120.0,65.0,1059860.0,1.0,65.0,50.0,50.0,90.0,water,,20.0,0.0
95.0,70.0,510.0,45.0,95.0,1059860.0,1.3,90.0,70.0,90.0,70.0,water,fighting,54.0,0.0
20.0,70.0,310.0,200.0,15.0,1059860.0,0.9,25.0,105.0,55.0,90.0,psychic,,19.5,0.0
35.0,70.0,400.0,100.0,30.0,1059860.0,1.3,40.0,120.0,70.0,105.0,psychic,,56.5,0.0
50.0,70.0,500.0,50.0,45.0,1059860.0,1.5,55.0,135.0,95.0,120.0,psychic,,48.0,0.0
80.0,70.0,305.0,180.0,50.0,1059860.0,0.8,70.0,35.0,35.0,35.0,fighting,,19.5,0.0
100.0,70.0,405.0,90.0,70.0,1059860.0,1.5,80.0,50.0,60.0,45.0,fighting,,70.5,0.0
130.0,70.0,505.0,45.0,80.0,1059860.0,1.6,90.0,65.0,85.0,55.0,fighting,,130.0,0.0
75.0,70.0,300.0,255.0,35.0,1059860.0,0.7,50.0,70.0,30.0,40.0,grass,poison,4.0,0.0
90.0,70.0,390.0,120.0,50.0,1059860.0,1.0,65.0,85.0,45.0,55.0,grass,poison,6.4,0.0
105.0,70.0,490.0,45.0,65.0,1059860.0,1.7,80.0,100.0,70.0,70.0,grass,poison,15.5,0.0
40.0,70.0,335.0,190.0,35.0,1250000.0,0.9,40.0,50.0,100.0,70.0,water,poison,45.5,0.0
70.0,70.0,515.0,60.0,65.0,1250000.0,1.6,80.0,80.0,120.0,100.0,water,poison,55.0,0.0
80.0,70.0,300.0,255.0,100.0,1059860.0,0.4,40.0,30.0,30.0,20.0,rock,ground,20.0,0.0
95.0,70.0,390.0,120.0,115.0,1059860.0,1.0,55.0,45.0,45.0,35.0,rock,ground,105.0,0.0
120.0,70.0,495.0,45.0,130.0,1059860.0,1.4,80.0,55.0,65.0,45.0,rock,ground,300.0,0.0
85.0,70.0,410.0,190.0,55.0,1000000.0,1.0,50.0,65.0,65.0,90.0,fire,,30.0,0.0
100.0,70.0,500.0,60.0,70.0,1000000.0,1.7,65.0,80.0,80.0,105.0,fire,,95.0,0.0
65.0,70.0,315.0,190.0,65.0,1000000.0,1.2,90.0,40.0,40.0,15.0,water,psychic,36.0,0.0
75.0,70.0,490.0,75.0,110.0,1000000.0,1.6,95.0,100.0,80.0,30.0,water,psychic,78.5,0.0
35.0,70.0,325.0,190.0,70.0,1000000.0,0.3,25.0,95.0,55.0,45.0,electric,steel,6.0,0.0
60.0,70.0,465.0,60.0,95.0,1000000.0,1.0,50.0,120.0,70.0,70.0,electric,steel,60.0,0.0
90.0,70.0,377.0,45.0,55.0,1000000.0,0.8,52.0,58.0,62.0,60.0,normal,flying,15.0,0.0
85.0,70.0,310.0,190.0,45.0,1000000.0,1.4,35.0,35.0,35.0,75.0,normal,flying,39.2,0.0
110.0,70.0,470.0,45.0,70.0,1000000.0,1.8,60.0,60.0,60.0,110.0,normal,flying,85.2,0.0
45.0,70.0,325.0,190.0,55.0,1000000.0,1.1,65.0,45.0,70.0,45.0,water,,90.0,0.0
70.0,70.0,475.0,75.0,80.0,1000000.0,1.7,90.0,70.0,95.0,70.0,water,ice,120.0,0.0
80.0,70.0,325.0,190.0,50.0,1000000.0,0.9,80.0,40.0,50.0,25.0,poison,poison,30.0,0.0
105.0,70.0,500.0,75.0,75.0,1000000.0,1.2,105.0,65.0,100.0,50.0,poison,poison,30.0,0.0
65.0,70.0,305.0,190.0,100.0,1250000.0,0.3,30.0,45.0,25.0,40.0,water,,4.0,0.0
95.0,70.0,525.0,60.0,180.0,1250000.0,1.5,50.0,85.0,45.0,70.0,water,ice,132.5,0.0
35.0,70.0,310.0,190.0,30.0,1059860.0,1.3,30.0,100.0,35.0,80.0,ghost,poison,0.1,0.0
50.0,70.0,405.0,90.0,45.0,1059860.0,1.6,45.0,115.0,55.0,95.0,ghost,poison,0.1,0.0
65.0,70.0,500.0,45.0,60.0,1059860.0,1.5,60.0,130.0,75.0,110.0,ghost,poison,40.5,0.0
45.0,70.0,385.0,45.0,160.0,1000000.0,8.8,35.0,30.0,45.0,70.0,rock,ground,210.0,0.0
48.0,70.0,328.0,190.0,45.0,1000000.0,1.0,60.0,43.0,90.0,42.0,psychic,,32.4,0.0
73.0,70.0,483.0,75.0,70.0,1000000.0,1.6,85.0,73.0,115.0,67.0,psychic,,75.6,0.0
105.0,70.0,325.0,225.0,90.0,1000000.0,0.4,30.0,25.0,25.0,50.0,water,,6.5,0.0
130.0,70.0,475.0,60.0,115.0,1000000.0,1.3,55.0,50.0,50.0,75.0,water,,60.0,0.0
30.0,70.0,330.0,190.0,50.0,1000000.0,0.5,40.0,55.0,55.0,100.0,electric,,10.4,0.0
50.0,70.0,490.0,60.0,70.0,1000000.0,1.2,60.0,80.0,80.0,150.0,electric,,66.6,0.0
40.0,70.0,325.0,90.0,80.0,1250000.0,0.4,60.0,60.0,45.0,40.0,grass,psychic,2.5,0.0
105.0,70.0,530.0,45.0,85.0,1250000.0,2.0,95.0,125.0,75.0,45.0,grass,psychic,120.0,0.0
50.0,70.0,320.0,190.0,95.0,1000000.0,0.4,50.0,40.0,50.0,35.0,ground,,6.5,0.0
80.0,70.0,425.0,75.0,110.0,1000000.0,1.0,60.0,50.0,80.0,45.0,ground,fire,45.0,0.0
120.0,70.0,455.0,45.0,53.0,1000000.0,1.5,50.0,35.0,110.0,87.0,fighting,,49.8,0.0
105.0,70.0,455.0,45.0,79.0,1000000.0,1.4,50.0,35.0,110.0,76.0,fighting,,50.2,0.0
55.0,70.0,385.0,45.0,75.0,1000000.0,1.2,90.0,60.0,75.0,30.0,normal,,65.5,0.0
65.0,70.0,340.0,190.0,95.0,1000000.0,0.6,40.0,60.0,45.0,35.0,poison,,1.0,0.0
90.0,70.0,490.0,60.0,120.0,1000000.0,1.2,65.0,85.0,70.0,60.0,poison,,9.5,0.0
85.0,70.0,345.0,120.0,95.0,1250000.0,1.0,80.0,30.0,30.0,25.0,ground,rock,115.0,0.0
130.0,70.0,485.0,60.0,120.0,1250000.0,1.9,105.0,45.0,45.0,40.0,ground,rock,120.0,0.0
5.0,140.0,450.0,30.0,5.0,800000.0,1.1,250.0,35.0,105.0,50.0,normal,,34.6,0.0
55.0,70.0,435.0,45.0,115.0,1000000.0,1.0,65.0,100.0,40.0,60.0,grass,,35.0,0.0
95.0,70.0,490.0,45.0,80.0,1000000.0,2.2,105.0,40.0,80.0,90.0,normal,,80.0,0.0
40.0,70.0,295.0,225.0,70.0,1000000.0,0.4,30.0,70.0,25.0,60.0,water,,8.0,0.0
65.0,70.0,440.0,75.0,95.0,1000000.0,1.2,55.0,95.0,45.0,85.0,water,,25.0,0.0
67.0,70.0,320.0,225.0,60.0,1000000.0,0.6,45.0,35.0,50.0,63.0,water,,15.0,0.0
92.0,70.0,450.0,60.0,65.0,1000000.0,1.3,80.0,65.0,80.0,68.0,water,,39.0,0.0
45.0,70.0,340.0,225.0,55.0,1250000.0,0.8,30.0,70.0,55.0,85.0,water,,34.5,0.0
75.0,70.0,520.0,60.0,85.0,1250000.0,1.1,60.0,100.0,85.0,115.0,water,psychic,80.0,0.0
45.0,70.0,460.0,45.0,65.0,1000000.0,1.3,40.0,100.0,120.0,90.0,psychic,fairy,54.5,0.0
110.0,70.0,500.0,45.0,80.0,1000000.0,1.5,70.0,55.0,80.0,105.0,bug,flying,56.0,0.0
50.0,70.0,455.0,45.0,35.0,1000000.0,1.4,65.0,115.0,95.0,95.0,ice,psychic,40.6,0.0
83.0,70.0,490.0,45.0,57.0,1000000.0,1.1,65.0,95.0,85.0,105.0,electric,,30.0,0.0
95.0,70.0,495.0,45.0,57.0,1000000.0,1.3,65.0,100.0,85.0,93.0,fire,,44.5,0.0
125.0,70.0,500.0,45.0,100.0,1250000.0,1.5,65.0,55.0,70.0,85.0,bug,,55.0,0.0
100.0,70.0,490.0,45.0,95.0,1250000.0,1.4,75.0,40.0,70.0,110.0,normal,,88.4,0.0
10.0,70.0,200.0,255.0,55.0,1250000.0,0.9,20.0,15.0,20.0,80.0,water,,10.0,0.0
125.0,70.0,540.0,45.0,79.0,1250000.0,6.5,95.0,60.0,100.0,81.0,water,flying,235.0,0.0
85.0,70.0,535.0,45.0,80.0,1250000.0,2.5,130.0,85.0,95.0,60.0,water,ice,220.0,0.0
48.0,70.0,288.0,35.0,48.0,1000000.0,0.3,48.0,48.0,48.0,48.0,normal,,4.0,0.0
55.0,70.0,325.0,45.0,50.0,1000000.0,0.3,55.0,45.0,65.0,55.0,normal,,6.5,0.0
65.0,70.0,525.0,45.0,60.0,1000000.0,1.0,130.0,110.0,95.0,65.0,water,,29.0,0.0
65.0,70.0,525.0,45.0,60.0,1000000.0,0.8,65.0,110.0,95.0,130.0,electric,,24.5,0.0
130.0,70.0,525.0,45.0,60.0,1000000.0,0.9,65.0,95.0,110.0,65.0,fire,,25.0,0.0
60.0,70.0,395.0,45.0,70.0,1000000.0,0.8,65.0,85.0,75.0,40.0,normal,,36.5,0.0
40.0,70.0,355.0,45.0,100.0,1000000.0,0.4,35.0,90.0,55.0,35.0,rock,water,7.5,0.0
60.0,70.0,495.0,45.0,125.0,1000000.0,1.0,70.0,115.0,70.0,55.0,rock,water,35.0,0.0
80.0,70.0,355.0,45.0,90.0,1000000.0,0.5,30.0,55.0,45.0,55.0,rock,water,11.5,0.0
115.0,70.0,495.0,45.0,105.0,1000000.0,1.3,60.0,65.0,70.0,80.0,rock,water,40.5,0.0
105.0,70.0,515.0,45.0,85.0,1250000.0,1.8,80.0,60.0,75.0,130.0,rock,flying,59.0,0.0
110.0,70.0,540.0,25.0,65.0,1250000.0,2.1,160.0,65.0,110.0,30.0,normal,,460.0,0.0
85.0,35.0,580.0,3.0,100.0,1250000.0,1.7,90.0,95.0,125.0,85.0,ice,flying,55.4,1.0
90.0,35.0,580.0,3.0,85.0,1250000.0,1.6,90.0,125.0,90.0,100.0,electric,flying,52.6,1.0
100.0,35.0,580.0,3.0,90.0,1250000.0,2.0,90.0,125.0,85.0,90.0,fire,flying,60.0,1.0
64.0,35.0,300.0,45.0,45.0,1250000.0,1.8,41.0,50.0,50.0,50.0,dragon,,3.3,0.0
84.0,35.0,420.0,45.0,65.0,1250000.0,4.0,61.0,70.0,70.0,70.0,dragon,,16.5,0.0
134.0,35.0,600.0,45.0,95.0,1250000.0,2.2,91.0,100.0,100.0,80.0,dragon,flying,210.0,0.0
110.0,0.0,680.0,3.0,90.0,1250000.0,2.0,106.0,154.0,90.0,130.0,psychic,,122.0,1.0
100.0,100.0,600.0,45.0,100.0,1059860.0,0.4,100.0,100.0,100.0,100.0,psychic,,4.0,1.0
49.0,70.0,318.0,45.0,65.0,1059860.0,0.9,45.0,49.0,65.0,45.0,grass,,6.4,0.0
62.0,70.0,405.0,45.0,80.0,1059860.0,1.2,60.0,63.0,80.0,60.0,grass,,15.8,0.0
82.0,70.0,525.0,45.0,100.0,1059860.0,1.8,80.0,83.0,100.0,80.0,grass,,100.5,0.0
52.0,70.0,309.0,45.0,43.0,1059860.0,0.5,39.0,60.0,50.0,65.0,fire,,7.9,0.0
64.0,70.0,405.0,45.0,58.0,1059860.0,0.9,58.0,80.0,65.0,80.0,fire,,19.0,0.0
84.0,70.0,534.0,45.0,78.0,1059860.0,1.7,78.0,109.0,85.0,100.0,fire,,79.5,0.0
65.0,70.0,314.0,45.0,64.0,1059860.0,0.6,50.0,44.0,48.0,43.0,water,,9.5,0.0
80.0,70.0,405.0,45.0,80.0,1059860.0,1.1,65.0,59.0,63.0,58.0,water,,25.0,0.0
105.0,70.0,530.0,45.0,100.0,1059860.0,2.3,85.0,79.0,83.0,78.0,water,,88.8,0.0
46.0,70.0,215.0,255.0,34.0,1000000.0,0.8,35.0,35.0,45.0,20.0,normal,,6.0,0.0
76.0,70.0,415.0,90.0,64.0,1000000.0,1.8,85.0,45.0,55.0,90.0,normal,,32.5,0.0
30.0,70.0,262.0,255.0,30.0,1000000.0,0.7,60.0,36.0,56.0,50.0,normal,flying,21.2,0.0
50.0,70.0,452.0,90.0,50.0,1000000.0,1.6,100.0,86.0,96.0,70.0,normal,flying,40.8,0.0
20.0,70.0,265.0,255.0,30.0,800000.0,1.0,40.0,40.0,80.0,55.0,bug,flying,10.8,0.0
35.0,70.0,390.0,90.0,50.0,800000.0,1.4,55.0,55.0,110.0,85.0,bug,flying,35.6,0.0
60.0,70.0,250.0,255.0,40.0,800000.0,0.5,40.0,40.0,40.0,30.0,bug,poison,8.5,0.0
90.0,70.0,400.0,90.0,70.0,800000.0,1.1,70.0,60.0,70.0,40.0,bug,poison,33.5,0.0
90.0,70.0,535.0,90.0,80.0,1000000.0,1.8,85.0,70.0,80.0,130.0,poison,flying,75.0,0.0
38.0,70.0,330.0,190.0,38.0,1250000.0,0.5,75.0,56.0,56.0,67.0,water,electric,12.0,0.0
58.0,70.0,460.0,75.0,58.0,1250000.0,1.2,125.0,76.0,76.0,67.0,water,electric,22.5,0.0
40.0,70.0,205.0,190.0,15.0,1000000.0,0.3,20.0,35.0,35.0,60.0,electric,,2.0,0.0
25.0,140.0,218.0,150.0,28.0,800000.0,0.3,50.0,45.0,55.0,15.0,fairy,,3.0,0.0
30.0,70.0,210.0,170.0,15.0,800000.0,0.3,90.0,40.0,20.0,15.0,normal,fairy,1.0,0.0
20.0,70.0,245.0,190.0,65.0,800000.0,0.3,35.0,40.0,65.0,20.0,fairy,,1.5,0.0
40.0,70.0,405.0,75.0,85.0,800000.0,0.6,55.0,80.0,105.0,40.0,fairy,flying,3.2,0.0
50.0,70.0,320.0,190.0,45.0,1000000.0,0.2,40.0,70.0,45.0,70.0,psychic,flying,2.0,0.0
75.0,70.0,470.0,75.0,70.0,1000000.0,1.5,65.0,95.0,70.0,95.0,psychic,flying,15.0,0.0
40.0,70.0,280.0,235.0,40.0,1059860.0,0.6,55.0,65.0,45.0,35.0,electric,,7.8,0.0
55.0,70.0,365.0,120.0,55.0,1059860.0,0.8,70.0,80.0,60.0,45.0,electric,,13.3,0.0
75.0,70.0,510.0,45.0,85.0,1059860.0,1.4,90.0,115.0,90.0,55.0,electric,,61.5,0.0
80.0,70.0,490.0,45.0,95.0,1059860.0,0.4,75.0,90.0,100.0,50.0,grass,,5.8,0.0
20.0,70.0,250.0,190.0,50.0,800000.0,0.4,70.0,20.0,50.0,40.0,water,fairy,8.5,0.0
50.0,70.0,420.0,75.0,80.0,800000.0,0.8,100.0,60.0,80.0,50.0,water,fairy,28.5,0.0
100.0,70.0,410.0,65.0,115.0,1000000.0,1.2,70.0,30.0,65.0,30.0,rock,,38.0,0.0
75.0,70.0,500.0,45.0,75.0,1059860.0,1.1,90.0,90.0,100.0,70.0,water,,33.9,0.0
35.0,70.0,250.0,255.0,40.0,1059860.0,0.4,35.0,35.0,55.0,50.0,grass,flying,0.5,0.0
45.0,70.0,340.0,120.0,50.0,1059860.0,0.6,55.0,45.0,65.0,80.0,grass,flying,1.0,0.0
55.0,70.0,460.0,45.0,70.0,1059860.0,0.8,75.0,55.0,95.0,110.0,grass,flying,3.0,0.0
70.0,70.0,360.0,45.0,55.0,800000.0,0.8,55.0,40.0,55.0,85.0,normal,,11.5,0.0
30.0,70.0,180.0,235.0,30.0,1059860.0,0.3,30.0,30.0,30.0,30.0,grass,,1.8,0.0
75.0,70.0,425.0,120.0,55.0,1059860.0,0.8,75.0,105.0,85.0,30.0,grass,,8.5,0.0
65.0,70.0,390.0,75.0,45.0,1000000.0,1.2,65.0,75.0,45.0,95.0,bug,flying,38.0,0.0
45.0,70.0,210.0,255.0,45.0,1000000.0,0.4,55.0,25.0,25.0,15.0,water,ground,8.5,0.0
85.0,70.0,430.0,90.0,85.0,1000000.0,1.4,95.0,65.0,65.0,35.0,water,ground,75.0,0.0
65.0,70.0,525.0,45.0,60.0,1000000.0,0.9,65.0,130.0,95.0,110.0,psychic,,26.5,0.0
65.0,35.0,525.0,45.0,110.0,1000000.0,1.0,95.0,60.0,130.0,65.0,dark,,27.0,0.0
85.0,35.0,405.0,30.0,42.0,1059860.0,0.5,60.0,85.0,42.0,91.0,dark,flying,2.1,0.0
75.0,70.0,490.0,70.0,80.0,1000000.0,2.0,95.0,100.0,110.0,30.0,water,psychic,79.5,0.0
60.0,35.0,435.0,45.0,60.0,800000.0,0.7,60.0,85.0,85.0,85.0,ghost,,1.0,0.0
72.0,70.0,336.0,225.0,48.0,1000000.0,0.5,48.0,72.0,48.0,48.0,psychic,,5.0,0.0
33.0,70.0,405.0,45.0,58.0,1000000.0,1.3,190.0,33.0,58.0,33.0,psychic,,28.5,0.0
80.0,70.0,455.0,60.0,65.0,1000000.0,1.5,70.0,90.0,65.0,85.0,normal,psychic,41.5,0.0
65.0,70.0,290.0,190.0,90.0,1000000.0,0.6,50.0,35.0,35.0,15.0,bug,,7.2,0.0
90.0,70.0,465.0,75.0,140.0,1000000.0,1.2,75.0,60.0,60.0,40.0,bug,steel,125.8,0.0
70.0,70.0,415.0,190.0,70.0,1000000.0,1.5,100.0,65.0,65.0,45.0,normal,,14.0,0.0
75.0,70.0,430.0,60.0,105.0,1059860.0,1.1,65.0,35.0,65.0,85.0,ground,flying,64.8,0.0
85.0,70.0,510.0,25.0,200.0,1000000.0,9.2,75.0,55.0,65.0,30.0,steel,ground,400.0,0.0
80.0,70.0,300.0,190.0,50.0,800000.0,0.6,60.0,40.0,40.0,30.0,fairy,,7.8,0.0
120.0,70.0,450.0,75.0,75.0,800000.0,1.4,90.0,60.0,60.0,45.0,fairy,,48.7,0.0
95.0,70.0,440.0,45.0,85.0,1000000.0,0.5,65.0,55.0,55.0,85.0,water,poison,3.9,0.0
130.0,70.0,500.0,25.0,100.0,1000000.0,1.8,70.0,55.0,80.0,65.0,bug,steel,118.0,0.0
10.0,70.0,505.0,190.0,230.0,1059860.0,0.6,20.0,10.0,230.0,5.0,bug,rock,20.5,0.0
125.0,70.0,500.0,45.0,75.0,1250000.0,1.5,80.0,40.0,95.0,85.0,bug,fighting,54.0,0.0
95.0,35.0,430.0,60.0,55.0,1059860.0,0.9,55.0,35.0,75.0,115.0,dark,ice,28.0,0.0
80.0,70.0,330.0,120.0,50.0,1000000.0,0.6,60.0,50.0,50.0,40.0,normal,,8.8,0.0
130.0,70.0,500.0,60.0,75.0,1000000.0,1.8,90.0,75.0,75.0,55.0,normal,,125.8,0.0
40.0,70.0,250.0,190.0,40.0,1000000.0,0.7,40.0,70.0,40.0,20.0,fire,,35.0,0.0
50.0,70.0,430.0,75.0,120.0,1000000.0,0.8,60.0,90.0,80.0,30.0,fire,rock,55.0,0.0
50.0,70.0,250.0,225.0,40.0,1250000.0,0.4,50.0,30.0,30.0,50.0,ice,ground,6.5,0.0
100.0,70.0,450.0,75.0,80.0,1250000.0,1.1,100.0,60.0,60.0,50.0,ice,ground,55.8,0.0
55.0,70.0,410.0,60.0,95.0,800000.0,0.6,65.0,65.0,95.0,35.0,water,rock,5.0,0.0
65.0,70.0,300.0,190.0,35.0,1000000.0,0.6,35.0,65.0,35.0,65.0,water,,12.0,0.0
105.0,70.0,480.0,75.0,75.0,1000000.0,0.9,75.0,105.0,75.0,45.0,water,,28.5,0.0
55.0,70.0,330.0,45.0,45.0,800000.0,0.9,45.0,65.0,45.0,75.0,ice,flying,16.0,0.0
40.0,70.0,485.0,25.0,70.0,1250000.0,2.1,85.0,80.0,140.0,70.0,water,flying,220.0,0.0
80.0,70.0,465.0,25.0,140.0,1250000.0,1.7,65.0,40.0,70.0,70.0,steel,flying,50.5,0.0
60.0,35.0,330.0,120.0,30.0,1250000.0,0.6,45.0,80.0,50.0,65.0,dark,fire,10.8,0.0
90.0,35.0,500.0,45.0,50.0,1250000.0,1.4,75.0,110.0,80.0,95.0,dark,fire,35.0,0.0
95.0,70.0,540.0,45.0,95.0,1000000.0,1.8,75.0,95.0,95.0,85.0,water,dragon,152.0,0.0
60.0,70.0,330.0,120.0,60.0,1000000.0,0.5,90.0,40.0,40.0,40.0,ground,,33.5,0.0
120.0,70.0,500.0,60.0,120.0,1000000.0,1.1,90.0,60.0,60.0,50.0,ground,,120.0,0.0
80.0,70.0,515.0,45.0,90.0,1000000.0,0.6,85.0,105.0,95.0,60.0,normal,,32.5,0.0
95.0,70.0,465.0,45.0,62.0,1250000.0,1.4,73.0,85.0,65.0,85.0,normal,,71.2,0.0
20.0,70.0,250.0,45.0,35.0,800000.0,1.2,55.0,20.0,45.0,75.0,normal,,58.0,0.0
35.0,70.0,210.0,75.0,35.0,1000000.0,0.7,35.0,35.0,35.0,35.0,fighting,,21.0,0.0
95.0,70.0,455.0,45.0,95.0,1000000.0,1.4,50.0,35.0,110.0,70.0,fighting,,48.0,0.0
30.0,70.0,305.0,45.0,15.0,1000000.0,0.4,45.0,85.0,65.0,65.0,ice,psychic,6.0,0.0
63.0,70.0,360.0,45.0,37.0,1000000.0,0.6,45.0,65.0,55.0,95.0,electric,,23.5,0.0
75.0,70.0,365.0,45.0,37.0,1000000.0,0.7,45.0,70.0,55.0,83.0,fire,,21.4,0.0
80.0,70.0,490.0,45.0,105.0,1250000.0,1.2,95.0,40.0,70.0,100.0,normal,,75.5,0.0
10.0,140.0,540.0,30.0,10.0,800000.0,1.5,255.0,75.0,135.0,55.0,normal,,46.8,0.0
85.0,35.0,580.0,3.0,75.0,1250000.0,1.9,90.0,115.0,100.0,115.0,electric,,178.0,1.0
115.0,35.0,580.0,3.0,85.0,1250000.0,2.1,115.0,90.0,75.0,100.0,fire,,198.0,1.0
75.0,35.0,580.0,3.0,115.0,1250000.0,2.0,100.0,90.0,115.0,85.0,water,,187.0,1.0
64.0,35.0,300.0,45.0,50.0,1250000.0,0.6,50.0,45.0,50.0,41.0,rock,ground,72.0,0.0
84.0,35.0,410.0,45.0,70.0,1250000.0,1.2,70.0,65.0,70.0,51.0,rock,ground,152.0,0.0
134.0,35.0,600.0,45.0,110.0,1250000.0,2.0,100.0,95.0,100.0,61.0,rock,dark,202.0,0.0
90.0,0.0,680.0,3.0,130.0,1250000.0,5.2,106.0,90.0,154.0,110.0,psychic,flying,216.0,1.0
130.0,0.0,680.0,3.0,90.0,1250000.0,3.8,106.0,110.0,154.0,90.0,fire,flying,199.0,1.0
100.0,100.0,600.0,45.0,100.0,1059860.0,0.6,100.0,100.0,100.0,100.0,psychic,grass,5.0,1.0
45.0,70.0,310.0,45.0,35.0,1059860.0,0.5,40.0,65.0,55.0,70.0,grass,,5.0,0.0
65.0,70.0,405.0,45.0,45.0,1059860.0,0.9,50.0,85.0,65.0,95.0,grass,,21.6,0.0
85.0,70.0,530.0,45.0,65.0,1059860.0,1.7,70.0,105.0,85.0,120.0,grass,,52.2,0.0
60.0,70.0,310.0,45.0,40.0,1059860.0,0.4,45.0,70.0,50.0,45.0,fire,,2.5,0.0
85.0,70.0,405.0,45.0,60.0,1059860.0,0.9,60.0,85.0,60.0,55.0,fire,fighting,19.5,0.0
120.0,70.0,530.0,45.0,70.0,1059860.0,1.9,80.0,110.0,70.0,80.0,fire,fighting,52.0,0.0
70.0,70.0,310.0,45.0,50.0,1059860.0,0.4,50.0,50.0,50.0,40.0,water,,7.6,0.0
85.0,70.0,405.0,45.0,70.0,1059860.0,0.7,70.0,60.0,70.0,50.0,water,ground,28.0,0.0
110.0,70.0,535.0,45.0,90.0,1059860.0,1.5,100.0,85.0,90.0,60.0,water,ground,81.9,0.0
55.0,70.0,220.0,255.0,35.0,1000000.0,0.5,35.0,30.0,30.0,35.0,dark,,13.6,0.0
90.0,70.0,420.0,127.0,70.0,1000000.0,1.0,70.0,60.0,60.0,70.0,dark,,37.0,0.0
30.0,70.0,240.0,255.0,41.0,1000000.0,0.4,38.0,30.0,41.0,60.0,normal,,17.5,0.0
70.0,70.0,420.0,90.0,61.0,1000000.0,0.5,78.0,50.0,61.0,100.0,normal,,32.5,0.0
45.0,70.0,195.0,255.0,35.0,1000000.0,0.3,45.0,20.0,30.0,20.0,bug,,3.6,0.0
35.0,70.0,205.0,120.0,55.0,1000000.0,0.6,50.0,25.0,25.0,15.0,bug,,10.0,0.0
70.0,70.0,395.0,45.0,50.0,1000000.0,1.0,60.0,100.0,50.0,65.0,bug,flying,28.4,0.0
35.0,70.0,205.0,120.0,55.0,1000000.0,0.7,50.0,25.0,25.0,15.0,bug,,11.5,0.0
50.0,70.0,385.0,45.0,70.0,1000000.0,1.2,60.0,50.0,90.0,65.0,bug,poison,31.6,0.0
30.0,70.0,220.0,255.0,30.0,1059860.0,0.5,40.0,40.0,50.0,30.0,water,grass,2.6,0.0
50.0,70.0,340.0,120.0,50.0,1059860.0,1.2,60.0,60.0,70.0,50.0,water,grass,32.5,0.0
70.0,70.0,480.0,45.0,70.0,1059860.0,1.5,80.0,90.0,100.0,70.0,water,grass,55.0,0.0
40.0,70.0,220.0,255.0,50.0,1059860.0,0.5,40.0,30.0,30.0,30.0,grass,,4.0,0.0
70.0,70.0,340.0,120.0,40.0,1059860.0,1.0,70.0,60.0,40.0,60.0,grass,dark,28.0,0.0
100.0,70.0,480.0,45.0,60.0,1059860.0,1.3,90.0,90.0,60.0,80.0,grass,dark,59.6,0.0
55.0,70.0,270.0,200.0,30.0,1059860.0,0.3,40.0,30.0,30.0,85.0,normal,flying,2.3,0.0
85.0,70.0,455.0,45.0,60.0,1059860.0,0.7,60.0,75.0,50.0,125.0,normal,flying,19.8,0.0
30.0,70.0,270.0,190.0,30.0,1000000.0,0.6,40.0,55.0,30.0,85.0,water,flying,9.5,0.0
50.0,70.0,440.0,45.0,100.0,1000000.0,1.2,60.0,95.0,70.0,65.0,water,flying,28.0,0.0
25.0,35.0,198.0,235.0,25.0,1250000.0,0.4,28.0,45.0,35.0,40.0,psychic,fairy,6.6,0.0
35.0,35.0,278.0,120.0,35.0,1250000.0,0.8,38.0,65.0,55.0,50.0,psychic,fairy,20.2,0.0
65.0,35.0,518.0,45.0,65.0,1250000.0,1.6,68.0,125.0,115.0,80.0,psychic,fairy,48.4,0.0
30.0,70.0,269.0,200.0,32.0,1000000.0,0.5,40.0,50.0,52.0,65.0,bug,water,1.7,0.0
60.0,70.0,454.0,75.0,62.0,1000000.0,0.8,70.0,100.0,82.0,80.0,bug,flying,3.6,0.0
40.0,70.0,295.0,255.0,60.0,1640000.0,0.4,60.0,40.0,60.0,35.0,grass,,4.5,0.0
130.0,70.0,460.0,90.0,80.0,1640000.0,1.2,60.0,60.0,60.0,70.0,grass,fighting,39.2,0.0
60.0,70.0,280.0,255.0,60.0,1250000.0,0.8,60.0,35.0,35.0,30.0,normal,,24.0,0.0
80.0,70.0,440.0,120.0,80.0,1250000.0,1.4,80.0,55.0,55.0,90.0,normal,,46.5,0.0
160.0,70.0,670.0,45.0,100.0,1250000.0,2.0,150.0,95.0,65.0,100.0,normal,,130.5,0.0
45.0,70.0,266.0,255.0,90.0,600000.0,0.5,31.0,30.0,30.0,40.0,bug,ground,5.5,0.0
90.0,70.0,456.0,120.0,45.0,600000.0,0.8,61.0,50.0,50.0,160.0,bug,flying,12.0,0.0
90.0,70.0,236.0,45.0,45.0,600000.0,0.8,1.0,30.0,30.0,40.0,bug,ghost,1.2,0.0
51.0,70.0,240.0,190.0,23.0,1059860.0,0.6,64.0,51.0,23.0,28.0,normal,,16.3,0.0
71.0,70.0,360.0,120.0,43.0,1059860.0,1.0,84.0,71.0,43.0,48.0,normal,,40.5,0.0
91.0,70.0,490.0,45.0,63.0,1059860.0,1.5,104.0,91.0,73.0,68.0,normal,,84.0,0.0
60.0,70.0,237.0,180.0,30.0,1640000.0,1.0,72.0,20.0,30.0,25.0,fighting,,86.4,0.0
120.0,70.0,474.0,200.0,60.0,1640000.0,2.3,144.0,40.0,60.0,50.0,fighting,,253.8,0.0
20.0,70.0,190.0,150.0,40.0,800000.0,0.2,50.0,20.0,40.0,20.0,normal,fairy,2.0,0.0
45.0,70.0,375.0,255.0,135.0,1000000.0,1.0,30.0,45.0,90.0,30.0,rock,,97.0,0.0
45.0,70.0,260.0,255.0,45.0,800000.0,0.6,50.0,35.0,35.0,50.0,normal,,11.0,0.0
65.0,70.0,400.0,60.0,65.0,800000.0,1.1,70.0,55.0,55.0,90.0,normal,,32.6,0.0
75.0,35.0,380.0,45.0,75.0,1059860.0,0.5,50.0,65.0,65.0,50.0,dark,ghost,11.0,0.0
85.0,70.0,380.0,45.0,85.0,800000.0,0.6,50.0,55.0,55.0,50.0,steel,fairy,11.5,0.0
70.0,35.0,330.0,180.0,100.0,1250000.0,0.4,50.0,40.0,40.0,30.0,steel,rock,60.0,0.0
90.0,35.0,430.0,90.0,140.0,1250000.0,0.9,60.0,50.0,50.0,40.0,steel,rock,120.0,0.0
110.0,35.0,530.0,45.0,180.0,1250000.0,2.1,70.0,60.0,60.0,50.0,steel,rock,360.0,0.0
40.0,70.0,280.0,180.0,55.0,1000000.0,0.6,30.0,40.0,55.0,60.0,fighting,psychic,11.2,0.0
60.0,70.0,410.0,90.0,75.0,1000000.0,1.3,60.0,60.0,75.0,80.0,fighting,psychic,31.5,0.0
45.0,70.0,295.0,120.0,40.0,1250000.0,0.6,40.0,65.0,40.0,65.0,electric,,15.2,0.0
75.0,70.0,475.0,45.0,60.0,1250000.0,1.5,70.0,105.0,60.0,105.0,electric,,40.2,0.0
50.0,70.0,405.0,200.0,40.0,1000000.0,0.4,60.0,85.0,75.0,95.0,electric,,4.2,0.0
40.0,70.0,405.0,200.0,50.0,1000000.0,0.4,60.0,75.0,85.0,95.0,electric,,4.2,0.0
73.0,70.0,430.0,150.0,75.0,600000.0,0.7,65.0,47.0,85.0,85.0,bug,,17.7,0.0
47.0,70.0,430.0,150.0,75.0,1640000.0,0.6,65.0,73.0,85.0,85.0,bug,,17.7,0.0
60.0,70.0,400.0,150.0,45.0,1059860.0,0.3,50.0,100.0,80.0,65.0,grass,poison,2.0,0.0
43.0,70.0,302.0,225.0,53.0,1640000.0,0.4,70.0,43.0,53.0,40.0,poison,,10.3,0.0
73.0,70.0,467.0,75.0,83.0,1640000.0,1.7,100.0,73.0,83.0,55.0,poison,,80.0,0.0
90.0,35.0,305.0,225.0,20.0,1250000.0,0.8,45.0,65.0,20.0,65.0,water,dark,20.8,0.0
120.0,35.0,460.0,60.0,70.0,1250000.0,1.8,40.0,95.0,40.0,95.0,water,dark,88.8,0.0
70.0,70.0,400.0,125.0,35.0,1640000.0,2.0,130.0,70.0,35.0,60.0,water,,130.0,0.0
90.0,70.0,500.0,60.0,45.0,1640000.0,14.5,170.0,90.0,45.0,60.0,water,,398.0,0.0
60.0,70.0,305.0,255.0,40.0,1000000.0,0.7,60.0,65.0,45.0,35.0,fire,ground,24.0,0.0
120.0,70.0,560.0,150.0,100.0,1000000.0,1.9,70.0,145.0,105.0,20.0,fire,ground,220.0,0.0
85.0,70.0,470.0,90.0,140.0,1000000.0,0.5,70.0,85.0,70.0,20.0,fire,,80.4,0.0
25.0,70.0,330.0,255.0,35.0,800000.0,0.7,60.0,70.0,80.0,60.0,psychic,,30.6,0.0
45.0,70.0,470.0,60.0,65.0,800000.0,0.9,80.0,90.0,110.0,80.0,psychic,,71.5,0.0
60.0,70.0,360.0,255.0,60.0,800000.0,1.1,60.0,60.0,60.0,60.0,normal,,5.0,0.0
100.0,70.0,290.0,255.0,45.0,1059860.0,0.7,45.0,45.0,45.0,10.0,ground,,15.0,0.0
70.0,70.0,340.0,120.0,50.0,1059860.0,1.1,50.0,50.0,50.0,70.0,ground,dragon,15.3,0.0
100.0,70.0,520.0,45.0,80.0,1059860.0,2.0,80.0,80.0,80.0,100.0,ground,dragon,82.0,0.0
85.0,35.0,335.0,190.0,40.0,1059860.0,0.4,50.0,85.0,40.0,35.0,grass,,51.3,0.0
115.0,35.0,475.0,60.0,60.0,1059860.0,1.3,70.0,115.0,60.0,55.0,grass,dark,77.4,0.0
40.0,70.0,310.0,255.0,60.0,600000.0,0.4,45.0,40.0,75.0,50.0,normal,flying,1.2,0.0
70.0,70.0,490.0,45.0,90.0,600000.0,1.1,75.0,70.0,105.0,80.0,dragon,flying,20.6,0.0
115.0,70.0,458.0,90.0,60.0,600000.0,1.3,73.0,60.0,60.0,90.0,normal,,40.3,0.0
100.0,70.0,458.0,90.0,60.0,1640000.0,2.7,73.0,100.0,60.0,65.0,poison,,52.5,0.0
55.0,70.0,460.0,45.0,65.0,800000.0,1.0,90.0,95.0,85.0,70.0,rock,psychic,168.0,0.0
95.0,70.0,460.0,45.0,85.0,800000.0,1.2,90.0,55.0,65.0,70.0,rock,psychic,154.0,0.0
48.0,70.0,288.0,190.0,43.0,1000000.0,0.4,50.0,46.0,41.0,60.0,water,ground,1.9,0.0
78.0,70.0,468.0,75.0,73.0,1000000.0,0.9,110.0,76.0,71.0,60.0,water,ground,23.6,0.0
80.0,70.0,308.0,205.0,65.0,1640000.0,0.6,43.0,50.0,35.0,35.0,water,,11.5,0.0
120.0,70.0,468.0,155.0,85.0,1640000.0,1.1,63.0,90.0,55.0,55.0,water,dark,32.8,0.0
40.0,70.0,300.0,255.0,55.0,1000000.0,0.5,40.0,40.0,70.0,55.0,ground,psychic,21.5,0.0
70.0,70.0,500.0,90.0,105.0,1000000.0,1.5,60.0,70.0,120.0,75.0,ground,psychic,108.0,0.0
41.0,70.0,355.0,45.0,77.0,600000.0,1.0,66.0,61.0,87.0,23.0,rock,grass,23.8,0.0
81.0,70.0,495.0,45.0,97.0,600000.0,1.5,86.0,81.0,107.0,43.0,rock,grass,60.4,0.0
95.0,70.0,355.0,45.0,50.0,600000.0,0.7,45.0,40.0,50.0,75.0,rock,bug,12.5,0.0
125.0,70.0,495.0,45.0,100.0,600000.0,1.5,75.0,70.0,80.0,45.0,rock,bug,68.2,0.0
15.0,70.0,200.0,255.0,20.0,600000.0,0.6,20.0,10.0,55.0,80.0,water,,7.4,0.0
60.0,70.0,540.0,60.0,79.0,600000.0,6.2,95.0,100.0,125.0,81.0,water,,162.0,0.0
70.0,70.0,420.0,45.0,70.0,1000000.0,0.3,70.0,70.0,70.0,70.0,normal,,0.8,0.0
90.0,70.0,440.0,200.0,70.0,1059860.0,1.0,60.0,60.0,120.0,40.0,normal,,22.0,0.0
75.0,35.0,295.0,225.0,35.0,800000.0,0.6,44.0,63.0,33.0,45.0,ghost,,2.3,0.0
165.0,35.0,555.0,45.0,75.0,800000.0,1.1,64.0,93.0,83.0,75.0,ghost,,12.5,0.0
40.0,35.0,295.0,190.0,90.0,800000.0,0.8,20.0,30.0,90.0,25.0,ghost,,15.0,0.0
70.0,35.0,455.0,90.0,130.0,800000.0,1.6,40.0,60.0,130.0,25.0,ghost,,30.6,0.0
68.0,70.0,460.0,200.0,83.0,1250000.0,2.0,99.0,72.0,87.0,51.0,grass,flying,100.0,0.0
50.0,70.0,455.0,45.0,80.0,800000.0,0.6,75.0,95.0,90.0,65.0,psychic,,1.0,0.0
130.0,35.0,465.0,30.0,60.0,1059860.0,1.2,65.0,75.0,60.0,75.0,dark,,47.0,0.0
23.0,70.0,260.0,125.0,48.0,1000000.0,0.6,95.0,23.0,48.0,23.0,psychic,,14.0,0.0
50.0,70.0,300.0,190.0,50.0,1000000.0,0.7,50.0,50.0,50.0,50.0,ice,,16.8,0.0
80.0,70.0,480.0,75.0,80.0,1000000.0,1.5,80.0,80.0,80.0,80.0,ice,,256.5,0.0
40.0,70.0,290.0,255.0,50.0,1059860.0,0.8,70.0,55.0,50.0,25.0,ice,water,39.5,0.0
60.0,70.0,410.0,120.0,70.0,1059860.0,1.1,90.0,75.0,70.0,45.0,ice,water,87.6,0.0
80.0,70.0,530.0,45.0,90.0,1059860.0,1.4,110.0,95.0,90.0,65.0,ice,water,150.6,0.0
64.0,70.0,345.0,255.0,85.0,600000.0,0.4,35.0,74.0,55.0,32.0,water,,52.5,0.0
104.0,70.0,485.0,60.0,105.0,600000.0,1.7,55.0,94.0,75.0,52.0,water,,27.0,0.0
84.0,70.0,485.0,60.0,105.0,600000.0,1.8,55.0,114.0,75.0,52.0,water,,22.6,0.0
90.0,70.0,485.0,25.0,130.0,1250000.0,1.0,100.0,45.0,65.0,55.0,water,rock,23.4,0.0
30.0,70.0,330.0,225.0,55.0,800000.0,0.6,43.0,40.0,65.0,97.0,water,,8.7,0.0
75.0,35.0,300.0,45.0,60.0,1250000.0,0.6,45.0,40.0,30.0,50.0,dragon,,42.1,0.0
95.0,35.0,420.0,45.0,100.0,1250000.0,1.1,65.0,60.0,50.0,50.0,dragon,,110.5,0.0
135.0,35.0,600.0,45.0,80.0,1250000.0,1.5,95.0,110.0,80.0,100.0,dragon,flying,102.6,0.0
55.0,35.0,300.0,3.0,80.0,1250000.0,0.6,40.0,35.0,60.0,30.0,steel,psychic,95.2,0.0
75.0,35.0,420.0,3.0,100.0,1250000.0,1.2,60.0,55.0,80.0,50.0,steel,psychic,202.5,0.0
135.0,35.0,600.0,3.0,130.0,1250000.0,1.6,80.0,95.0,90.0,70.0,steel,psychic,550.0,0.0
100.0,35.0,580.0,3.0,200.0,1250000.0,1.7,80.0,50.0,100.0,50.0,rock,,230.0,1.0
50.0,35.0,580.0,3.0,100.0,1250000.0,1.8,80.0,100.0,200.0,50.0,ice,,175.0,1.0
75.0,35.0,580.0,3.0,150.0,1250000.0,1.9,80.0,75.0,150.0,50.0,steel,,205.0,1.0
80.0,90.0,600.0,3.0,90.0,1250000.0,1.4,80.0,110.0,130.0,110.0,dragon,psychic,40.0,1.0
90.0,90.0,600.0,3.0,80.0,1250000.0,2.0,80.0,130.0,110.0,110.0,dragon,psychic,60.0,1.0
100.0,0.0,670.0,3.0,90.0,1250000.0,4.5,100.0,150.0,140.0,90.0,water,,352.0,1.0
150.0,0.0,670.0,3.0,140.0,1250000.0,3.5,100.0,100.0,90.0,90.0,ground,,950.0,1.0
105.0,0.0,680.0,45.0,90.0,1250000.0,7.0,105.0,150.0,90.0,95.0,dragon,flying,206.5,1.0
100.0,100.0,600.0,3.0,100.0,1250000.0,0.3,100.0,100.0,100.0,100.0,steel,psychic,1.1,1.0
95.0,0.0,600.0,3.0,90.0,1250000.0,1.7,50.0,95.0,90.0,180.0,psychic,,60.8,1.0
68.0,70.0,318.0,45.0,64.0,1059860.0,0.4,55.0,45.0,55.0,31.0,grass,,10.2,0.0
89.0,70.0,405.0,45.0,85.0,1059860.0,1.1,75.0,55.0,65.0,36.0,grass,,97.0,0.0
109.0,70.0,525.0,45.0,105.0,1059860.0,2.2,95.0,75.0,85.0,56.0,grass,ground,310.0,0.0
58.0,70.0,309.0,45.0,44.0,1059860.0,0.5,44.0,58.0,44.0,61.0,fire,,6.2,0.0
78.0,70.0,405.0,45.0,52.0,1059860.0,0.9,64.0,78.0,52.0,81.0,fire,fighting,22.0,0.0
104.0,70.0,534.0,45.0,71.0,1059860.0,1.2,76.0,104.0,71.0,108.0,fire,fighting,55.0,0.0
51.0,70.0,314.0,45.0,53.0,1059860.0,0.4,53.0,61.0,56.0,40.0,water,,5.2,0.0
66.0,70.0,405.0,45.0,68.0,1059860.0,0.8,64.0,81.0,76.0,50.0,water,,23.0,0.0
86.0,70.0,530.0,45.0,88.0,1059860.0,1.7,84.0,111.0,101.0,60.0,water,steel,84.5,0.0
55.0,70.0,245.0,255.0,30.0,1059860.0,0.3,40.0,30.0,30.0,60.0,normal,flying,2.0,0.0
75.0,70.0,340.0,120.0,50.0,1059860.0,0.6,55.0,40.0,40.0,80.0,normal,flying,15.5,0.0
120.0,70.0,485.0,45.0,70.0,1059860.0,1.2,85.0,50.0,60.0,100.0,normal,flying,24.9,0.0
45.0,70.0,250.0,255.0,40.0,1000000.0,0.5,59.0,35.0,40.0,31.0,normal,,20.0,0.0
85.0,70.0,410.0,127.0,60.0,1000000.0,1.0,79.0,55.0,60.0,71.0,normal,water,31.5,0.0
25.0,70.0,194.0,255.0,41.0,1059860.0,0.3,37.0,25.0,41.0,25.0,bug,,2.2,0.0
85.0,70.0,384.0,45.0,51.0,1059860.0,1.0,77.0,55.0,51.0,65.0,bug,,25.5,0.0
65.0,70.0,263.0,235.0,34.0,1059860.0,0.5,45.0,40.0,34.0,45.0,electric,,9.5,0.0
85.0,100.0,363.0,120.0,49.0,1059860.0,0.9,60.0,60.0,49.0,60.0,electric,,30.5,0.0
120.0,70.0,523.0,45.0,79.0,1059860.0,1.4,80.0,95.0,79.0,70.0,electric,,42.0,0.0
30.0,70.0,280.0,255.0,35.0,1059860.0,0.2,40.0,50.0,70.0,55.0,grass,poison,1.2,0.0
70.0,70.0,515.0,75.0,65.0,1059860.0,0.9,60.0,125.0,105.0,90.0,grass,poison,14.5,0.0
125.0,70.0,350.0,45.0,40.0,600000.0,0.9,67.0,30.0,30.0,58.0,rock,,31.5,0.0
165.0,70.0,495.0,45.0,60.0,600000.0,1.6,97.0,65.0,50.0,58.0,rock,,102.5,0.0
42.0,70.0,350.0,45.0,118.0,600000.0,0.5,30.0,42.0,88.0,30.0,rock,steel,57.0,0.0
52.0,70.0,495.0,45.0,168.0,600000.0,1.3,60.0,47.0,138.0,30.0,rock,steel,149.5,0.0
29.0,70.0,224.0,120.0,45.0,1000000.0,0.2,40.0,29.0,45.0,36.0,bug,,3.4,0.0
69.0,70.0,424.0,45.0,95.0,1000000.0,0.5,60.0,69.0,95.0,36.0,bug,grass,6.5,0.0
94.0,70.0,424.0,45.0,50.0,1000000.0,0.9,70.0,94.0,50.0,66.0,bug,flying,23.3,0.0
30.0,70.0,244.0,120.0,42.0,1059860.0,0.3,30.0,30.0,42.0,70.0,bug,flying,5.5,0.0
80.0,70.0,474.0,45.0,102.0,1059860.0,1.2,70.0,80.0,102.0,40.0,bug,flying,38.5,0.0
45.0,100.0,405.0,200.0,70.0,1000000.0,0.4,60.0,45.0,90.0,95.0,electric,,3.9,0.0
65.0,70.0,330.0,190.0,35.0,1000000.0,0.7,55.0,60.0,30.0,85.0,water,,29.5,0.0
105.0,70.0,495.0,75.0,55.0,1000000.0,1.1,85.0,85.0,50.0,115.0,water,,33.5,0.0
35.0,70.0,275.0,190.0,45.0,1000000.0,0.4,45.0,62.0,53.0,35.0,grass,,3.3,0.0
60.0,70.0,450.0,75.0,70.0,1000000.0,0.5,70.0,87.0,78.0,85.0,grass,,9.3,0.0
48.0,70.0,325.0,190.0,48.0,1000000.0,0.3,76.0,57.0,62.0,34.0,water,,6.3,0.0
83.0,70.0,475.0,75.0,68.0,1000000.0,0.9,111.0,92.0,82.0,39.0,water,ground,29.9,0.0
100.0,100.0,482.0,45.0,66.0,800000.0,1.2,75.0,60.0,66.0,115.0,normal,,20.3,0.0
50.0,70.0,348.0,125.0,34.0,1640000.0,0.4,90.0,60.0,44.0,70.0,ghost,flying,1.2,0.0
80.0,70.0,498.0,60.0,44.0,1640000.0,1.2,150.0,90.0,54.0,80.0,ghost,flying,15.0,0.0
66.0,0.0,350.0,190.0,44.0,1000000.0,0.4,55.0,44.0,56.0,85.0,normal,,5.5,0.0
76.0,140.0,480.0,60.0,84.0,1000000.0,1.2,65.0,54.0,96.0,105.0,normal,,33.3,0.0
60.0,35.0,495.0,45.0,60.0,800000.0,0.9,60.0,105.0,105.0,105.0,ghost,,4.4,0.0
125.0,35.0,505.0,30.0,52.0,1059860.0,0.9,100.0,105.0,52.0,71.0,dark,flying,27.3,0.0
55.0,70.0,310.0,190.0,42.0,800000.0,0.5,49.0,42.0,37.0,85.0,normal,,3.9,0.0
82.0,70.0,452.0,75.0,64.0,800000.0,1.0,71.0,64.0,59.0,112.0,normal,,43.8,0.0
30.0,70.0,285.0,120.0,50.0,800000.0,0.2,45.0,65.0,50.0,45.0,psychic,,0.6,0.0
63.0,70.0,329.0,225.0,47.0,1000000.0,0.4,63.0,41.0,41.0,74.0,poison,dark,19.2,0.0
93.0,70.0,479.0,60.0,67.0,1000000.0,1.0,103.0,71.0,61.0,84.0,poison,dark,38.0,0.0
24.0,70.0,300.0,255.0,86.0,1000000.0,0.5,57.0,24.0,86.0,23.0,steel,psychic,60.5,0.0
89.0,70.0,500.0,90.0,116.0,1000000.0,1.3,67.0,79.0,116.0,33.0,steel,psychic,187.0,0.0
80.0,70.0,290.0,255.0,95.0,1000000.0,0.5,50.0,10.0,45.0,10.0,rock,,15.0,0.0
25.0,70.0,310.0,145.0,45.0,1000000.0,0.6,20.0,70.0,90.0,60.0,psychic,fairy,13.0,0.0
5.0,140.0,220.0,130.0,5.0,800000.0,0.6,100.0,15.0,65.0,30.0,normal,,24.4,0.0
65.0,35.0,411.0,30.0,45.0,1059860.0,0.5,76.0,92.0,42.0,91.0,normal,flying,1.9,0.0
92.0,70.0,485.0,100.0,108.0,1000000.0,1.0,50.0,92.0,108.0,35.0,ghost,dark,108.0,0.0
70.0,70.0,300.0,45.0,45.0,1250000.0,0.7,58.0,40.0,45.0,42.0,dragon,ground,20.5,0.0
90.0,70.0,410.0,45.0,65.0,1250000.0,1.4,68.0,50.0,55.0,82.0,dragon,ground,56.0,0.0
130.0,70.0,600.0,45.0,95.0,1250000.0,1.9,108.0,80.0,85.0,102.0,dragon,ground,95.0,0.0
85.0,70.0,390.0,50.0,40.0,1250000.0,0.6,135.0,40.0,85.0,5.0,normal,,105.0,0.0
70.0,70.0,285.0,75.0,40.0,1059860.0,0.7,40.0,35.0,40.0,60.0,fighting,,20.2,0.0
110.0,70.0,525.0,45.0,70.0,1059860.0,1.2,70.0,115.0,70.0,90.0,fighting,steel,54.0,0.0
72.0,70.0,330.0,140.0,78.0,1250000.0,0.8,68.0,38.0,42.0,32.0,ground,,49.5,0.0
112.0,70.0,525.0,60.0,118.0,1250000.0,2.0,108.0,68.0,72.0,47.0,ground,,300.0,0.0
50.0,70.0,330.0,120.0,90.0,1250000.0,0.8,40.0,30.0,55.0,65.0,poison,bug,12.0,0.0
90.0,70.0,500.0,45.0,110.0,1250000.0,1.3,70.0,60.0,75.0,95.0,poison,dark,61.5,0.0
61.0,100.0,300.0,140.0,40.0,1000000.0,0.7,48.0,61.0,40.0,50.0,poison,fighting,23.0,0.0
106.0,70.0,490.0,75.0,65.0,1000000.0,1.3,83.0,86.0,65.0,85.0,poison,fighting,44.4,0.0
100.0,70.0,454.0,200.0,72.0,1250000.0,1.4,74.0,90.0,72.0,46.0,grass,,27.0,0.0
49.0,70.0,330.0,190.0,56.0,600000.0,0.4,49.0,49.0,61.0,66.0,water,,7.0,0.0
69.0,70.0,460.0,75.0,76.0,600000.0,1.2,69.0,69.0,86.0,91.0,water,,24.0,0.0
20.0,70.0,345.0,25.0,50.0,1250000.0,1.0,45.0,60.0,120.0,50.0,water,flying,65.0,0.0
62.0,70.0,334.0,120.0,50.0,1250000.0,1.0,60.0,62.0,60.0,40.0,grass,ice,50.5,0.0
92.0,70.0,494.0,60.0,75.0,1250000.0,2.2,90.0,92.0,85.0,60.0,grass,ice,135.5,0.0
120.0,35.0,510.0,45.0,65.0,1059860.0,1.1,70.0,45.0,85.0,125.0,dark,ice,34.0,0.0
70.0,70.0,535.0,30.0,115.0,1000000.0,1.2,70.0,130.0,90.0,60.0,electric,steel,180.0,0.0
85.0,70.0,515.0,30.0,95.0,1000000.0,1.7,110.0,80.0,95.0,50.0,normal,,140.0,0.0
140.0,70.0,535.0,30.0,130.0,1250000.0,2.4,115.0,55.0,55.0,40.0,ground,rock,282.8,0.0
100.0,70.0,535.0,30.0,125.0,1000000.0,2.0,100.0,110.0,50.0,50.0,grass,,128.6,0.0
123.0,70.0,540.0,30.0,67.0,1000000.0,1.8,75.0,95.0,85.0,95.0,electric,,138.6,0.0
95.0,70.0,540.0,30.0,67.0,1000000.0,1.6,75.0,125.0,95.0,83.0,fire,,68.0,0.0
50.0,70.0,545.0,30.0,95.0,800000.0,1.5,85.0,120.0,115.0,80.0,fairy,flying,38.0,0.0
76.0,70.0,515.0,30.0,86.0,1000000.0,1.9,86.0,116.0,56.0,95.0,bug,flying,51.5,0.0
110.0,35.0,525.0,45.0,130.0,1000000.0,1.0,65.0,60.0,65.0,95.0,grass,,25.5,0.0
60.0,35.0,525.0,45.0,110.0,1000000.0,0.8,65.0,130.0,95.0,65.0,ice,,25.9,0.0
95.0,70.0,510.0,30.0,125.0,1059860.0,2.0,75.0,45.0,75.0,95.0,ground,flying,42.5,0.0
130.0,70.0,530.0,50.0,80.0,1250000.0,2.5,110.0,70.0,60.0,80.0,ice,ground,291.0,0.0
80.0,70.0,535.0,30.0,70.0,1000000.0,0.9,85.0,135.0,75.0,90.0,normal,,34.0,0.0
125.0,35.0,518.0,45.0,65.0,1250000.0,1.6,68.0,65.0,115.0,80.0,psychic,fighting,52.0,0.0
55.0,70.0,525.0,60.0,145.0,1000000.0,1.4,60.0,75.0,150.0,40.0,rock,steel,340.0,0.0
100.0,35.0,525.0,45.0,135.0,800000.0,2.2,45.0,65.0,135.0,45.0,ghost,,106.6,0.0
80.0,70.0,480.0,75.0,70.0,1000000.0,1.3,70.0,80.0,70.0,110.0,ice,ghost,26.6,0.0
65.0,70.0,520.0,45.0,107.0,1000000.0,0.3,50.0,105.0,107.0,86.0,electric,ghost,0.3,0.0
75.0,140.0,580.0,3.0,130.0,1250000.0,0.3,75.0,75.0,130.0,95.0,psychic,,0.3,1.0
105.0,140.0,580.0,3.0,105.0,1250000.0,0.3,80.0,105.0,105.0,80.0,psychic,,0.3,1.0
125.0,140.0,580.0,3.0,70.0,1250000.0,0.3,75.0,125.0,70.0,115.0,psychic,,0.3,1.0
120.0,0.0,680.0,3.0,120.0,1250000.0,5.4,100.0,150.0,100.0,90.0,steel,dragon,683.0,1.0
120.0,0.0,680.0,3.0,100.0,1250000.0,4.2,90.0,150.0,120.0,100.0,water,dragon,336.0,1.0
90.0,100.0,600.0,3.0,106.0,1250000.0,1.7,91.0,130.0,106.0,77.0,fire,steel,430.0,1.0
160.0,0.0,670.0,3.0,110.0,1250000.0,3.7,110.0,80.0,110.0,100.0,normal,,420.0,1.0
120.0,0.0,680.0,3.0,100.0,1250000.0,4.5,150.0,120.0,100.0,90.0,ghost,dragon,750.0,1.0
70.0,100.0,600.0,3.0,120.0,1250000.0,1.5,120.0,75.0,130.0,85.0,psychic,,85.6,1.0
80.0,70.0,480.0,30.0,80.0,1250000.0,0.4,80.0,80.0,80.0,80.0,water,,3.1,0.0
100.0,70.0,600.0,3.0,100.0,1250000.0,0.3,100.0,100.0,100.0,100.0,water,,1.4,1.0
90.0,0.0,600.0,3.0,90.0,1250000.0,1.5,70.0,135.0,90.0,125.0,dark,,50.5,1.0
103.0,100.0,600.0,45.0,75.0,1059860.0,0.2,100.0,120.0,75.0,127.0,grass,grass,2.1,1.0
120.0,0.0,720.0,3.0,120.0,1250000.0,3.2,120.0,120.0,120.0,120.0,normal,,320.0,1.0
100.0,100.0,600.0,3.0,100.0,1250000.0,0.4,100.0,100.0,100.0,100.0,psychic,fire,4.0,1.0
45.0,70.0,308.0,45.0,55.0,1059860.0,0.6,45.0,45.0,55.0,63.0,grass,,8.1,0.0
60.0,70.0,413.0,45.0,75.0,1059860.0,0.8,60.0,60.0,75.0,83.0,grass,,16.0,0.0
75.0,70.0,528.0,45.0,95.0,1059860.0,3.3,75.0,75.0,95.0,113.0,grass,,63.0,0.0
63.0,70.0,308.0,45.0,45.0,1059860.0,0.5,65.0,45.0,45.0,45.0,fire,,9.9,0.0
93.0,70.0,418.0,45.0,55.0,1059860.0,1.0,90.0,70.0,55.0,55.0,fire,fighting,55.5,0.0
123.0,70.0,528.0,45.0,65.0,1059860.0,1.6,110.0,100.0,65.0,65.0,fire,fighting,150.0,0.0
55.0,70.0,308.0,45.0,45.0,1059860.0,0.5,55.0,63.0,45.0,45.0,water,,5.9,0.0
75.0,70.0,413.0,45.0,60.0,1059860.0,0.8,75.0,83.0,60.0,60.0,water,,24.5,0.0
100.0,70.0,528.0,45.0,85.0,1059860.0,1.5,95.0,108.0,70.0,70.0,water,,94.6,0.0
55.0,70.0,255.0,255.0,39.0,1000000.0,0.5,45.0,35.0,39.0,42.0,normal,,11.6,0.0
85.0,70.0,420.0,255.0,69.0,1000000.0,1.1,60.0,60.0,69.0,77.0,normal,,27.0,0.0
60.0,70.0,275.0,255.0,45.0,1059860.0,0.4,45.0,25.0,45.0,55.0,normal,,4.1,0.0
80.0,70.0,370.0,120.0,65.0,1059860.0,0.9,65.0,35.0,65.0,60.0,normal,,14.7,0.0
110.0,70.0,500.0,45.0,90.0,1059860.0,1.2,85.0,45.0,90.0,80.0,normal,,61.0,0.0
50.0,70.0,281.0,255.0,37.0,1000000.0,0.4,41.0,50.0,37.0,66.0,dark,,10.1,0.0
88.0,70.0,446.0,90.0,50.0,1000000.0,1.1,64.0,88.0,50.0,106.0,dark,,37.5,0.0
53.0,70.0,316.0,190.0,48.0,1000000.0,0.6,50.0,53.0,48.0,64.0,grass,,10.5,0.0
98.0,70.0,498.0,75.0,63.0,1000000.0,1.1,75.0,98.0,63.0,101.0,grass,,30.5,0.0
53.0,70.0,316.0,190.0,48.0,1000000.0,0.6,50.0,53.0,48.0,64.0,fire,,11.0,0.0
98.0,70.0,498.0,75.0,63.0,1000000.0,1.0,75.0,98.0,63.0,101.0,fire,,28.0,0.0
53.0,70.0,316.0,190.0,48.0,1000000.0,0.6,50.0,53.0,48.0,64.0,water,,13.5,0.0
98.0,70.0,498.0,75.0,63.0,1000000.0,1.0,75.0,98.0,63.0,101.0,water,,29.0,0.0
25.0,70.0,292.0,190.0,45.0,800000.0,0.6,76.0,67.0,55.0,24.0,psychic,,23.3,0.0
55.0,70.0,487.0,75.0,85.0,800000.0,1.1,116.0,107.0,95.0,29.0,psychic,,60.5,0.0
55.0,70.0,264.0,255.0,50.0,1059860.0,0.3,50.0,36.0,30.0,43.0,normal,flying,2.1,0.0
77.0,70.0,358.0,120.0,62.0,1059860.0,0.6,62.0,50.0,42.0,65.0,normal,flying,15.0,0.0
115.0,70.0,488.0,45.0,80.0,1059860.0,1.2,80.0,65.0,55.0,93.0,normal,flying,29.0,0.0
60.0,70.0,295.0,190.0,32.0,1000000.0,0.8,45.0,50.0,32.0,76.0,electric,,29.8,0.0
100.0,70.0,497.0,75.0,63.0,1000000.0,1.6,75.0,80.0,63.0,116.0,electric,,79.5,0.0
75.0,70.0,280.0,255.0,85.0,1059860.0,0.4,55.0,25.0,25.0,15.0,rock,,18.0,0.0
105.0,70.0,390.0,120.0,105.0,1059860.0,0.9,70.0,50.0,40.0,20.0,rock,,102.0,0.0
135.0,70.0,515.0,45.0,130.0,1059860.0,1.7,85.0,60.0,80.0,25.0,rock,,260.0,0.0
45.0,70.0,323.0,190.0,43.0,1000000.0,0.4,65.0,55.0,43.0,72.0,psychic,flying,2.1,0.0
57.0,70.0,425.0,45.0,55.0,1000000.0,0.9,67.0,77.0,55.0,114.0,psychic,flying,10.5,0.0
85.0,70.0,328.0,120.0,40.0,1000000.0,0.3,60.0,30.0,45.0,68.0,ground,,8.5,0.0
135.0,70.0,508.0,60.0,60.0,1000000.0,0.7,110.0,50.0,65.0,88.0,ground,steel,40.4,0.0
60.0,70.0,445.0,255.0,86.0,800000.0,1.1,103.0,60.0,86.0,50.0,normal,,31.0,0.0
80.0,70.0,305.0,180.0,55.0,1059860.0,0.6,75.0,25.0,35.0,35.0,fighting,,12.5,0.0
105.0,70.0,405.0,90.0,85.0,1059860.0,1.2,85.0,40.0,50.0,40.0,fighting,,40.0,0.0
140.0,70.0,505.0,45.0,95.0,1059860.0,1.4,105.0,55.0,65.0,45.0,fighting,,87.0,0.0
50.0,70.0,294.0,255.0,40.0,1059860.0,0.5,50.0,50.0,40.0,64.0,water,,4.5,0.0
65.0,70.0,384.0,120.0,55.0,1059860.0,0.8,75.0,65.0,55.0,69.0,water,ground,17.0,0.0
95.0,70.0,509.0,45.0,75.0,1059860.0,1.5,105.0,85.0,75.0,74.0,water,ground,62.0,0.0
100.0,70.0,465.0,45.0,85.0,1000000.0,1.3,120.0,30.0,85.0,45.0,fighting,,55.5,0.0
125.0,70.0,465.0,45.0,75.0,1000000.0,1.4,75.0,30.0,75.0,85.0,fighting,,51.0,0.0
53.0,70.0,310.0,255.0,70.0,1059860.0,0.3,45.0,40.0,60.0,42.0,bug,grass,2.5,0.0
63.0,70.0,380.0,120.0,90.0,1059860.0,0.5,55.0,50.0,80.0,42.0,bug,grass,7.3,0.0
103.0,70.0,500.0,45.0,80.0,1059860.0,1.2,75.0,70.0,80.0,92.0,bug,grass,20.5,0.0
45.0,70.0,260.0,255.0,59.0,1059860.0,0.4,30.0,30.0,39.0,57.0,bug,poison,5.3,0.0
55.0,70.0,360.0,120.0,99.0,1059860.0,1.2,40.0,40.0,79.0,47.0,bug,poison,58.5,0.0
100.0,70.0,485.0,45.0,89.0,1059860.0,2.5,60.0,55.0,69.0,112.0,bug,poison,200.5,0.0
27.0,70.0,280.0,190.0,60.0,1000000.0,0.3,40.0,37.0,50.0,66.0,grass,fairy,0.6,0.0
67.0,70.0,480.0,75.0,85.0,1000000.0,0.7,60.0,77.0,75.0,116.0,grass,fairy,6.6,0.0
35.0,70.0,280.0,190.0,50.0,1000000.0,0.5,45.0,70.0,50.0,30.0,grass,,6.6,0.0
60.0,70.0,480.0,75.0,75.0,1000000.0,1.1,70.0,110.0,75.0,90.0,grass,,16.3,0.0
92.0,70.0,460.0,25.0,65.0,1000000.0,1.0,70.0,80.0,55.0,98.0,water,,18.0,0.0
72.0,70.0,292.0,180.0,35.0,1059860.0,0.7,50.0,35.0,35.0,65.0,ground,dark,15.2,0.0
82.0,70.0,351.0,90.0,45.0,1059860.0,1.0,60.0,45.0,45.0,74.0,ground,dark,33.4,0.0
117.0,70.0,519.0,45.0,80.0,1059860.0,1.5,95.0,65.0,70.0,92.0,ground,dark,96.3,0.0
90.0,70.0,315.0,120.0,45.0,1059860.0,0.6,70.0,15.0,45.0,50.0,fire,,37.5,0.0
30.0,70.0,540.0,60.0,105.0,1059860.0,1.3,105.0,140.0,105.0,55.0,fire,fire,92.9,0.0
86.0,70.0,461.0,255.0,67.0,1000000.0,1.0,75.0,106.0,67.0,60.0,grass,,28.0,0.0
65.0,70.0,325.0,190.0,85.0,1000000.0,0.3,50.0,35.0,35.0,55.0,bug,rock,14.5,0.0
105.0,70.0,485.0,75.0,125.0,1000000.0,1.4,70.0,65.0,75.0,45.0,bug,rock,200.0,0.0
75.0,35.0,348.0,180.0,70.0,1000000.0,0.6,50.0,35.0,70.0,48.0,dark,fighting,11.8,0.0
90.0,70.0,488.0,90.0,115.0,1000000.0,1.1,65.0,45.0,115.0,58.0,dark,fighting,30.0,0.0
58.0,70.0,490.0,45.0,80.0,1000000.0,1.4,72.0,103.0,80.0,97.0,psychic,flying,14.0,0.0
30.0,70.0,303.0,190.0,85.0,1000000.0,0.5,38.0,55.0,65.0,30.0,ghost,,1.5,0.0
50.0,70.0,483.0,90.0,145.0,1000000.0,1.7,58.0,95.0,105.0,30.0,ghost,,76.5,0.0
78.0,70.0,355.0,45.0,103.0,1000000.0,0.7,54.0,53.0,45.0,22.0,water,rock,16.5,0.0
108.0,70.0,495.0,45.0,133.0,1000000.0,1.2,74.0,83.0,65.0,32.0,water,rock,81.0,0.0
112.0,70.0,401.0,45.0,45.0,1000000.0,0.5,55.0,74.0,45.0,70.0,rock,flying,9.5,0.0
140.0,70.0,567.0,45.0,65.0,1000000.0,1.4,75.0,112.0,65.0,110.0,rock,flying,32.0,0.0
50.0,70.0,329.0,190.0,62.0,1000000.0,0.6,50.0,40.0,62.0,65.0,poison,,31.0,0.0
95.0,70.0,474.0,60.0,82.0,1000000.0,1.9,80.0,60.0,82.0,75.0,poison,,107.3,0.0
65.0,70.0,330.0,75.0,40.0,1059860.0,0.7,40.0,80.0,40.0,65.0,dark,,12.5,0.0
105.0,70.0,510.0,45.0,60.0,1059860.0,1.6,60.0,120.0,60.0,105.0,dark,,81.1,0.0
50.0,70.0,300.0,255.0,40.0,800000.0,0.4,55.0,40.0,40.0,75.0,normal,,5.8,0.0
95.0,70.0,470.0,60.0,60.0,800000.0,0.5,75.0,65.0,60.0,115.0,normal,,7.5,0.0
30.0,70.0,290.0,200.0,50.0,1059860.0,0.4,45.0,55.0,65.0,45.0,psychic,,5.8,0.0
45.0,70.0,390.0,100.0,70.0,1059860.0,0.7,60.0,75.0,85.0,55.0,psychic,,18.0,0.0
55.0,70.0,490.0,50.0,95.0,1059860.0,1.5,70.0,95.0,110.0,65.0,psychic,,44.0,0.0
30.0,70.0,290.0,200.0,40.0,1059860.0,0.3,45.0,105.0,50.0,20.0,psychic,,1.0,0.0
40.0,70.0,370.0,100.0,50.0,1059860.0,0.6,65.0,125.0,60.0,30.0,psychic,,8.0,0.0
65.0,70.0,490.0,50.0,75.0,1059860.0,1.0,110.0,125.0,85.0,30.0,psychic,,20.1,0.0
44.0,70.0,305.0,190.0,50.0,1000000.0,0.5,62.0,44.0,50.0,55.0,water,flying,5.5,0.0
87.0,70.0,473.0,45.0,63.0,1000000.0,1.3,75.0,87.0,63.0,98.0,water,flying,24.2,0.0
50.0,70.0,305.0,255.0,50.0,1250000.0,0.4,36.0,65.0,60.0,44.0,ice,,5.7,0.0
65.0,70.0,395.0,120.0,65.0,1250000.0,1.1,51.0,80.0,75.0,59.0,ice,,41.0,0.0
95.0,70.0,535.0,45.0,85.0,1250000.0,1.3,71.0,110.0,95.0,79.0,ice,,57.5,0.0
60.0,70.0,335.0,190.0,50.0,1000000.0,0.6,60.0,40.0,50.0,75.0,normal,grass,19.5,0.0
100.0,70.0,475.0,75.0,70.0,1000000.0,1.9,80.0,60.0,70.0,95.0,normal,grass,92.5,0.0
75.0,70.0,428.0,200.0,60.0,1000000.0,0.4,55.0,75.0,60.0,103.0,electric,flying,5.0,0.0
75.0,70.0,315.0,200.0,45.0,1000000.0,0.5,50.0,40.0,45.0,60.0,bug,,5.9,0.0
135.0,70.0,495.0,75.0,105.0,1000000.0,1.0,70.0,60.0,105.0,20.0,bug,steel,33.0,0.0
55.0,70.0,294.0,190.0,45.0,1000000.0,0.2,69.0,55.0,55.0,15.0,grass,poison,1.0,0.0
85.0,70.0,464.0,75.0,70.0,1000000.0,0.6,114.0,85.0,80.0,30.0,grass,poison,10.5,0.0
40.0,70.0,335.0,190.0,50.0,1000000.0,1.2,55.0,65.0,85.0,40.0,water,ghost,33.0,0.0
60.0,70.0,480.0,60.0,70.0,1000000.0,2.2,100.0,85.0,105.0,60.0,water,ghost,135.0,0.0
75.0,70.0,470.0,75.0,80.0,800000.0,1.2,165.0,40.0,45.0,65.0,water,,31.6,0.0
47.0,70.0,319.0,190.0,50.0,1000000.0,0.1,50.0,57.0,50.0,65.0,bug,electric,0.6,0.0
77.0,70.0,472.0,75.0,60.0,1000000.0,0.8,70.0,97.0,60.0,108.0,bug,electric,14.3,0.0
50.0,70.0,305.0,255.0,91.0,1000000.0,0.6,44.0,24.0,86.0,10.0,grass,steel,18.8,0.0
94.0,70.0,489.0,90.0,131.0,1000000.0,1.0,74.0,54.0,116.0,20.0,grass,steel,110.0,0.0
55.0,70.0,300.0,130.0,70.0,1059860.0,0.3,40.0,45.0,60.0,30.0,steel,,21.0,0.0
80.0,70.0,440.0,60.0,95.0,1059860.0,0.6,60.0,70.0,85.0,50.0,steel,,51.0,0.0
100.0,70.0,520.0,30.0,115.0,1059860.0,0.6,60.0,70.0,85.0,90.0,steel,,81.0,0.0
55.0,70.0,275.0,190.0,40.0,1250000.0,0.2,35.0,45.0,40.0,60.0,electric,,0.3,0.0
85.0,70.0,405.0,60.0,70.0,1250000.0,1.2,65.0,75.0,70.0,40.0,electric,,22.0,0.0
115.0,70.0,515.0,30.0,80.0,1250000.0,2.1,85.0,105.0,80.0,50.0,electric,,80.5,0.0
55.0,70.0,335.0,255.0,55.0,1000000.0,0.5,55.0,85.0,55.0,30.0,psychic,,9.0,0.0
75.0,70.0,485.0,90.0,75.0,1000000.0,1.0,75.0,125.0,95.0,40.0,psychic,,34.5,0.0
30.0,70.0,275.0,190.0,55.0,1059860.0,0.3,50.0,65.0,55.0,20.0,ghost,fire,3.1,0.0
40.0,70.0,370.0,90.0,60.0,1059860.0,0.6,60.0,95.0,60.0,55.0,ghost,fire,13.0,0.0
55.0,70.0,520.0,45.0,90.0,1059860.0,1.0,60.0,145.0,90.0,80.0,ghost,fire,34.3,0.0
87.0,35.0,320.0,75.0,60.0,1250000.0,0.6,46.0,30.0,40.0,57.0,dragon,,18.0,0.0
117.0,35.0,410.0,60.0,70.0,1250000.0,1.0,66.0,40.0,50.0,67.0,dragon,,36.0,0.0
147.0,35.0,540.0,45.0,90.0,1250000.0,1.8,76.0,60.0,70.0,97.0,dragon,,105.5,0.0
70.0,70.0,305.0,120.0,40.0,1000000.0,0.5,55.0,60.0,40.0,40.0,ice,,8.5,0.0
130.0,70.0,505.0,60.0,80.0,1000000.0,2.6,95.0,70.0,80.0,50.0,ice,,260.0,0.0
50.0,70.0,515.0,25.0,50.0,1000000.0,1.1,80.0,95.0,135.0,105.0,ice,,148.0,0.0
40.0,70.0,305.0,200.0,85.0,1000000.0,0.4,50.0,40.0,65.0,25.0,bug,,7.7,0.0
70.0,70.0,495.0,75.0,40.0,1000000.0,0.8,80.0,100.0,60.0,145.0,bug,,25.3,0.0
66.0,70.0,471.0,75.0,84.0,1000000.0,0.7,109.0,81.0,99.0,32.0,ground,electric,11.0,0.0
85.0,70.0,350.0,180.0,50.0,1059860.0,0.9,45.0,55.0,50.0,65.0,fighting,,20.0,0.0
125.0,70.0,510.0,45.0,60.0,1059860.0,1.4,65.0,95.0,60.0,105.0,fighting,,35.5,0.0
120.0,70.0,485.0,45.0,90.0,1000000.0,1.6,77.0,60.0,90.0,48.0,dragon,,139.0,0.0
74.0,70.0,303.0,190.0,50.0,1000000.0,1.0,59.0,35.0,50.0,35.0,ground,ghost,92.0,0.0
124.0,70.0,483.0,90.0,80.0,1000000.0,2.8,89.0,55.0,80.0,55.0,ground,ghost,330.0,0.0
85.0,35.0,340.0,120.0,70.0,1000000.0,0.5,45.0,40.0,40.0,60.0,dark,steel,10.2,0.0
125.0,35.0,490.0,45.0,100.0,1000000.0,1.6,65.0,60.0,70.0,70.0,dark,steel,70.0,0.0
110.0,70.0,490.0,45.0,95.0,1000000.0,1.6,95.0,40.0,95.0,55.0,normal,,94.6,0.0
83.0,70.0,350.0,190.0,50.0,1250000.0,0.5,70.0,37.0,50.0,60.0,normal,flying,10.5,0.0
123.0,70.0,510.0,60.0,75.0,1250000.0,1.5,100.0,57.0,75.0,80.0,normal,flying,41.0,0.0
55.0,35.0,370.0,190.0,75.0,1250000.0,0.5,70.0,45.0,65.0,60.0,dark,flying,9.0,0.0
65.0,35.0,510.0,60.0,105.0,1250000.0,1.2,110.0,55.0,95.0,80.0,dark,flying,39.5,0.0
97.0,70.0,484.0,90.0,66.0,1000000.0,1.4,85.0,105.0,66.0,65.0,fire,,58.0,0.0
109.0,70.0,484.0,90.0,112.0,1000000.0,0.3,58.0,48.0,48.0,109.0,bug,steel,33.0,0.0
65.0,35.0,300.0,45.0,50.0,1250000.0,0.8,52.0,45.0,50.0,38.0,dark,dragon,17.3,0.0
85.0,35.0,420.0,45.0,70.0,1250000.0,1.4,72.0,65.0,70.0,58.0,dark,dragon,50.0,0.0
105.0,35.0,600.0,45.0,90.0,1250000.0,1.8,92.0,125.0,90.0,98.0,dark,dragon,160.0,0.0
85.0,70.0,360.0,45.0,55.0,1250000.0,1.1,55.0,50.0,55.0,60.0,bug,fire,28.8,0.0
60.0,70.0,550.0,15.0,65.0,1250000.0,1.6,85.0,135.0,105.0,100.0,bug,fire,46.0,0.0
90.0,35.0,580.0,3.0,129.0,1250000.0,2.1,91.0,90.0,72.0,108.0,steel,fighting,250.0,1.0
129.0,35.0,580.0,3.0,90.0,1250000.0,1.9,91.0,72.0,90.0,108.0,rock,fighting,260.0,1.0
90.0,35.0,580.0,3.0,72.0,1250000.0,2.0,91.0,90.0,129.0,108.0,grass,fighting,200.0,1.0
100.0,90.0,580.0,3.0,80.0,1250000.0,1.5,79.0,110.0,90.0,121.0,flying,,63.0,1.0
105.0,90.0,580.0,3.0,70.0,1250000.0,1.5,79.0,145.0,80.0,101.0,electric,flying,61.0,1.0
120.0,0.0,680.0,3.0,100.0,1250000.0,3.2,100.0,150.0,120.0,90.0,dragon,fire,330.0,1.0
150.0,0.0,680.0,3.0,120.0,1250000.0,2.9,100.0,120.0,100.0,90.0,dragon,electric,345.0,1.0
145.0,90.0,600.0,3.0,90.0,1250000.0,1.5,89.0,105.0,80.0,91.0,ground,flying,68.0,1.0
120.0,0.0,700.0,3.0,90.0,1250000.0,3.0,125.0,170.0,100.0,95.0,dragon,ice,325.0,1.0
72.0,35.0,580.0,3.0,90.0,1250000.0,1.4,91.0,129.0,90.0,108.0,water,fighting,48.5,1.0
128.0,100.0,600.0,3.0,90.0,1250000.0,0.6,100.0,77.0,77.0,128.0,normal,psychic,6.5,1.0
120.0,0.0,600.0,3.0,95.0,1250000.0,1.5,71.0,120.0,95.0,99.0,bug,steel,82.5,1.0
61.0,70.0,313.0,45.0,65.0,1059860.0,0.4,56.0,48.0,45.0,38.0,grass,,9.0,0.0
78.0,70.0,405.0,45.0,95.0,1059860.0,0.7,61.0,56.0,58.0,57.0,grass,,29.0,0.0
107.0,70.0,530.0,45.0,122.0,1059860.0,1.6,88.0,74.0,75.0,64.0,grass,fighting,90.0,0.0
45.0,70.0,307.0,45.0,40.0,1059860.0,0.4,40.0,62.0,60.0,60.0,fire,,9.4,0.0
59.0,70.0,409.0,45.0,58.0,1059860.0,1.0,59.0,90.0,70.0,73.0,fire,,14.5,0.0
69.0,70.0,534.0,45.0,72.0,1059860.0,1.5,75.0,114.0,100.0,104.0,fire,psychic,39.0,0.0
56.0,70.0,314.0,45.0,40.0,1059860.0,0.3,41.0,62.0,44.0,71.0,water,,7.0,0.0
63.0,70.0,405.0,45.0,52.0,1059860.0,0.6,54.0,83.0,56.0,97.0,water,,10.9,0.0
145.0,70.0,640.0,45.0,67.0,1059860.0,1.5,72.0,153.0,71.0,132.0,water,dark,40.0,0.0
36.0,70.0,237.0,255.0,38.0,1000000.0,0.4,38.0,32.0,36.0,57.0,normal,,5.0,0.0
56.0,70.0,423.0,127.0,77.0,1000000.0,1.0,85.0,50.0,77.0,78.0,normal,ground,42.4,0.0
50.0,70.0,278.0,255.0,43.0,1059860.0,0.3,45.0,40.0,38.0,62.0,normal,flying,1.7,0.0
73.0,70.0,382.0,120.0,55.0,1059860.0,0.7,62.0,56.0,52.0,84.0,fire,flying,16.0,0.0
81.0,70.0,499.0,45.0,71.0,1059860.0,1.2,78.0,74.0,69.0,126.0,fire,flying,24.5,0.0
35.0,70.0,200.0,255.0,40.0,1000000.0,0.3,38.0,27.0,25.0,35.0,bug,,2.5,0.0
22.0,70.0,213.0,120.0,60.0,1000000.0,0.3,45.0,27.0,30.0,29.0,bug,,8.4,0.0
52.0,70.0,411.0,45.0,50.0,1000000.0,1.2,80.0,90.0,50.0,89.0,bug,flying,17.0,0.0
50.0,70.0,369.0,220.0,58.0,1059860.0,0.6,62.0,73.0,54.0,72.0,fire,normal,13.5,0.0
68.0,70.0,507.0,65.0,72.0,1059860.0,1.5,86.0,109.0,66.0,106.0,fire,normal,81.5,0.0
38.0,70.0,303.0,225.0,39.0,1000000.0,0.1,44.0,61.0,79.0,42.0,fairy,,0.1,0.0
65.0,70.0,551.0,120.0,67.0,1000000.0,0.2,74.0,125.0,128.0,92.0,fairy,,0.9,0.0
65.0,70.0,552.0,45.0,68.0,1000000.0,1.1,78.0,112.0,154.0,75.0,fairy,,10.0,0.0
65.0,70.0,350.0,200.0,48.0,1000000.0,0.9,66.0,62.0,57.0,52.0,grass,,31.0,0.0
100.0,70.0,531.0,45.0,62.0,1000000.0,1.7,123.0,97.0,81.0,68.0,grass,,91.0,0.0
82.0,70.0,348.0,220.0,62.0,1000000.0,0.6,67.0,46.0,48.0,43.0,fighting,,8.0,0.0
124.0,70.0,495.0,65.0,78.0,1000000.0,2.1,95.0,69.0,71.0,58.0,fighting,dark,136.0,0.0
80.0,70.0,472.0,160.0,60.0,1000000.0,1.2,75.0,65.0,90.0,102.0,normal,,28.0,0.0
48.0,70.0,355.0,190.0,54.0,1000000.0,0.3,62.0,63.0,60.0,68.0,psychic,,3.5,0.0
48.0,70.0,466.0,75.0,76.0,1000000.0,0.6,74.0,83.0,81.0,104.0,psychic,,8.5,0.0
80.0,70.0,325.0,180.0,100.0,1000000.0,0.8,45.0,35.0,37.0,28.0,steel,ghost,2.0,0.0
110.0,70.0,448.0,90.0,150.0,1000000.0,0.8,59.0,45.0,49.0,35.0,steel,ghost,4.5,0.0
150.0,70.0,520.0,45.0,50.0,1000000.0,1.7,60.0,150.0,50.0,60.0,steel,ghost,53.0,0.0
52.0,70.0,341.0,200.0,60.0,1000000.0,0.2,78.0,63.0,65.0,23.0,fairy,,0.5,0.0
72.0,70.0,462.0,140.0,72.0,1000000.0,0.8,101.0,99.0,89.0,29.0,fairy,,15.5,0.0
48.0,70.0,341.0,200.0,66.0,1000000.0,0.4,62.0,59.0,57.0,49.0,fairy,,3.5,0.0
80.0,70.0,480.0,140.0,86.0,1000000.0,0.8,82.0,85.0,75.0,72.0,fairy,,5.0,0.0
54.0,70.0,288.0,190.0,53.0,1000000.0,0.4,53.0,37.0,46.0,45.0,dark,psychic,3.5,0.0
92.0,70.0,482.0,80.0,88.0,1000000.0,1.5,86.0,68.0,75.0,73.0,dark,psychic,47.0,0.0
52.0,70.0,306.0,120.0,67.0,1000000.0,0.5,42.0,39.0,56.0,50.0,rock,water,31.0,0.0
105.0,70.0,500.0,45.0,115.0,1000000.0,1.3,72.0,54.0,86.0,68.0,rock,water,96.0,0.0
60.0,70.0,320.0,225.0,60.0,1000000.0,0.5,50.0,60.0,60.0,30.0,poison,water,7.3,0.0
75.0,70.0,494.0,55.0,90.0,1000000.0,1.8,65.0,97.0,123.0,44.0,poison,dragon,81.5,0.0
53.0,70.0,330.0,225.0,62.0,1250000.0,0.5,50.0,58.0,63.0,44.0,water,,8.3,0.0
73.0,70.0,500.0,55.0,88.0,1250000.0,1.3,71.0,120.0,89.0,59.0,water,,35.3,0.0
38.0,70.0,289.0,190.0,33.0,1000000.0,0.5,44.0,61.0,43.0,70.0,electric,normal,6.0,0.0
55.0,70.0,481.0,75.0,52.0,1000000.0,1.0,62.0,109.0,94.0,109.0,electric,normal,21.0,0.0
89.0,70.0,362.0,45.0,77.0,1000000.0,0.8,58.0,45.0,45.0,48.0,rock,dragon,26.0,0.0
121.0,70.0,521.0,45.0,119.0,1000000.0,2.5,82.0,69.0,59.0,71.0,rock,dragon,270.0,0.0
59.0,70.0,362.0,45.0,50.0,1000000.0,1.3,77.0,67.0,63.0,46.0,rock,ice,25.2,0.0
77.0,70.0,521.0,45.0,72.0,1000000.0,2.7,123.0,99.0,92.0,58.0,rock,ice,225.0,0.0
65.0,70.0,525.0,45.0,65.0,1000000.0,1.0,95.0,110.0,130.0,60.0,fairy,,23.5,0.0
92.0,70.0,500.0,100.0,75.0,1000000.0,0.8,78.0,74.0,63.0,118.0,fighting,flying,21.5,0.0
58.0,70.0,431.0,180.0,57.0,1000000.0,0.2,67.0,81.0,67.0,101.0,electric,fairy,2.2,0.0
50.0,70.0,500.0,60.0,150.0,1250000.0,0.3,50.0,50.0,150.0,50.0,rock,fairy,5.7,0.0
50.0,35.0,300.0,45.0,35.0,1250000.0,0.3,45.0,55.0,75.0,40.0,dragon,,2.8,0.0
75.0,35.0,452.0,45.0,53.0,1250000.0,0.8,68.0,83.0,113.0,60.0,dragon,,17.5,0.0
100.0,35.0,600.0,45.0,70.0,1250000.0,2.0,90.0,110.0,150.0,80.0,dragon,,150.5,0.0
80.0,70.0,470.0,75.0,91.0,800000.0,0.2,57.0,80.0,87.0,75.0,steel,fairy,3.0,0.0
70.0,70.0,309.0,120.0,48.0,1000000.0,0.4,43.0,50.0,60.0,38.0,ghost,grass,7.0,0.0
110.0,70.0,474.0,60.0,76.0,1000000.0,1.5,85.0,65.0,82.0,56.0,ghost,grass,71.0,0.0
66.0,70.0,335.0,120.0,70.0,1000000.0,0.8,59.0,44.0,55.0,41.0,ghost,grass,15.0,0.0
100.0,70.0,494.0,60.0,122.0,1000000.0,1.7,85.0,58.0,75.0,54.0,ghost,grass,39.0,0.0
69.0,70.0,304.0,190.0,85.0,1000000.0,1.0,55.0,32.0,35.0,28.0,ice,,99.5,0.0
117.0,70.0,514.0,55.0,184.0,1000000.0,2.0,95.0,44.0,46.0,28.0,ice,,505.0,0.0
30.0,70.0,245.0,190.0,35.0,1000000.0,0.5,40.0,45.0,40.0,55.0,flying,dragon,8.0,0.0
70.0,70.0,535.0,45.0,80.0,1000000.0,1.5,85.0,97.0,80.0,123.0,flying,dragon,85.0,0.0
131.0,0.0,680.0,45.0,95.0,1250000.0,3.0,126.0,131.0,98.0,99.0,fairy,,215.0,1.0
131.0,0.0,680.0,45.0,95.0,1250000.0,5.8,126.0,131.0,98.0,99.0,dark,flying,203.0,1.0
100.0,0.0,708.0,3.0,121.0,1250000.0,5.0,216.0,91.0,95.0,85.0,dragon,ground,284.6,1.0
100.0,70.0,600.0,3.0,150.0,1250000.0,0.7,50.0,100.0,150.0,50.0,rock,fairy,8.8,1.0
160.0,100.0,680.0,3.0,60.0,1250000.0,6.5,80.0,170.0,130.0,80.0,psychic,ghost,490.0,1.0
110.0,100.0,600.0,3.0,120.0,1250000.0,1.7,80.0,130.0,90.0,70.0,fire,water,195.0,1.0
55.0,70.0,320.0,45.0,55.0,1059860.0,0.3,68.0,50.0,50.0,42.0,grass,flying,1.5,0.0
75.0,70.0,420.0,45.0,75.0,1059860.0,0.7,78.0,70.0,70.0,52.0,grass,flying,16.0,0.0
107.0,70.0,530.0,45.0,75.0,1059860.0,1.6,78.0,100.0,100.0,70.0,grass,ghost,36.6,0.0
65.0,70.0,320.0,45.0,40.0,1059860.0,0.4,45.0,60.0,40.0,70.0,fire,,4.3,0.0
85.0,70.0,420.0,45.0,50.0,1059860.0,0.7,65.0,80.0,50.0,90.0,fire,,25.0,0.0
115.0,70.0,530.0,45.0,90.0,1059860.0,1.8,95.0,80.0,90.0,60.0,fire,dark,83.0,0.0
54.0,70.0,320.0,45.0,54.0,1059860.0,0.4,50.0,66.0,56.0,40.0,water,,7.5,0.0
69.0,70.0,420.0,45.0,69.0,1059860.0,0.6,60.0,91.0,81.0,50.0,water,,17.5,0.0
74.0,70.0,530.0,45.0,74.0,1059860.0,1.8,80.0,126.0,116.0,60.0,water,fairy,44.0,0.0
75.0,70.0,265.0,255.0,30.0,1000000.0,0.3,35.0,30.0,30.0,65.0,normal,flying,1.2,0.0
85.0,70.0,355.0,120.0,50.0,1000000.0,0.6,55.0,40.0,50.0,75.0,normal,flying,14.8,0.0
120.0,70.0,485.0,45.0,75.0,1000000.0,1.1,80.0,75.0,75.0,60.0,normal,flying,26.0,0.0
70.0,70.0,253.0,255.0,30.0,1000000.0,0.4,48.0,30.0,30.0,45.0,normal,,6.0,0.0
110.0,70.0,418.0,127.0,60.0,1000000.0,0.7,88.0,55.0,60.0,45.0,normal,,14.2,0.0
62.0,70.0,300.0,255.0,45.0,1000000.0,0.4,47.0,55.0,45.0,46.0,bug,,4.4,0.0
82.0,70.0,400.0,120.0,95.0,1000000.0,0.5,57.0,55.0,75.0,36.0,bug,electric,10.5,0.0
70.0,70.0,500.0,45.0,90.0,1000000.0,1.5,77.0,145.0,75.0,43.0,bug,electric,45.0,0.0
82.0,70.0,338.0,225.0,57.0,1000000.0,0.6,47.0,42.0,47.0,63.0,fighting,,7.0,0.0
132.0,70.0,478.0,60.0,77.0,1000000.0,1.7,97.0,62.0,67.0,43.0,fighting,ice,180.0,0.0
70.0,70.0,476.0,45.0,70.0,1000000.0,0.6,75.0,98.0,70.0,93.0,fire,flying,3.4,0.0
45.0,70.0,304.0,190.0,40.0,1000000.0,0.1,40.0,55.0,40.0,84.0,bug,fairy,0.2,0.0
55.0,70.0,464.0,75.0,60.0,1000000.0,0.2,60.0,95.0,70.0,124.0,bug,fairy,0.5,0.0
65.0,70.0,280.0,190.0,40.0,1000000.0,0.5,45.0,30.0,40.0,60.0,rock,,9.2,0.0
115.0,70.0,487.0,90.0,75.0,1000000.0,0.8,85.0,55.0,75.0,82.0,rock,,25.0,0.0
140.0,70.0,620.0,60.0,130.0,800000.0,0.2,45.0,140.0,135.0,30.0,water,,0.3,0.0
53.0,70.0,305.0,190.0,62.0,1000000.0,0.4,50.0,43.0,52.0,45.0,poison,water,8.0,0.0
63.0,70.0,495.0,75.0,152.0,1000000.0,0.7,50.0,53.0,142.0,35.0,poison,water,14.5,0.0
100.0,70.0,385.0,190.0,70.0,1000000.0,1.0,70.0,45.0,55.0,45.0,ground,,110.0,0.0
125.0,70.0,500.0,60.0,100.0,1000000.0,2.5,100.0,55.0,85.0,35.0,ground,,920.0,0.0
40.0,70.0,269.0,200.0,52.0,1000000.0,0.3,38.0,40.0,72.0,27.0,water,bug,4.0,0.0
70.0,70.0,454.0,100.0,92.0,1000000.0,1.8,68.0,50.0,132.0,42.0,water,bug,82.0,0.0
55.0,70.0,250.0,190.0,35.0,1000000.0,0.3,40.0,50.0,35.0,35.0,grass,,1.5,0.0
105.0,70.0,480.0,75.0,90.0,1000000.0,0.9,70.0,80.0,90.0,45.0,grass,,18.5,0.0
35.0,70.0,285.0,190.0,55.0,1000000.0,0.2,40.0,65.0,75.0,15.0,grass,fairy,1.5,0.0
45.0,70.0,405.0,75.0,80.0,1000000.0,1.0,60.0,90.0,100.0,30.0,grass,fairy,11.5,0.0
44.0,70.0,320.0,120.0,40.0,1000000.0,0.6,48.0,71.0,40.0,77.0,poison,fire,4.8,0.0
64.0,70.0,480.0,45.0,60.0,1000000.0,1.2,68.0,111.0,60.0,117.0,poison,fire,22.2,0.0
75.0,70.0,340.0,140.0,50.0,1000000.0,0.5,70.0,45.0,50.0,50.0,normal,fighting,6.8,0.0
125.0,70.0,500.0,70.0,80.0,1000000.0,2.1,120.0,55.0,60.0,60.0,normal,fighting,135.0,0.0
30.0,70.0,210.0,235.0,38.0,1059860.0,0.3,42.0,30.0,38.0,32.0,grass,,3.2,0.0
40.0,70.0,290.0,120.0,48.0,1059860.0,0.7,52.0,40.0,48.0,62.0,grass,,8.2,0.0
120.0,70.0,510.0,45.0,98.0,1059860.0,1.2,72.0,50.0,98.0,72.0,grass,,21.4,0.0
52.0,70.0,485.0,60.0,90.0,800000.0,0.1,51.0,82.0,110.0,100.0,fairy,,0.3,0.0
60.0,70.0,490.0,45.0,80.0,1250000.0,1.5,90.0,90.0,110.0,60.0,normal,psychic,76.0,0.0
120.0,70.0,490.0,45.0,90.0,1250000.0,2.0,100.0,40.0,60.0,80.0,fighting,,82.8,0.0
35.0,70.0,230.0,90.0,40.0,1000000.0,0.5,25.0,20.0,30.0,80.0,bug,water,12.0,0.0
125.0,70.0,530.0,45.0,140.0,1000000.0,2.0,75.0,60.0,90.0,40.0,bug,water,108.0,0.0
55.0,70.0,320.0,140.0,80.0,1000000.0,0.5,55.0,70.0,45.0,15.0,ghost,ground,70.0,0.0
75.0,70.0,480.0,60.0,110.0,1000000.0,1.3,85.0,100.0,75.0,35.0,ghost,ground,250.0,0.0
60.0,70.0,410.0,60.0,130.0,800000.0,0.3,55.0,30.0,130.0,5.0,water,,1.2,0.0
95.0,0.0,534.0,3.0,95.0,1250000.0,1.9,95.0,95.0,95.0,59.0,normal,,120.5,0.0
95.0,0.0,570.0,3.0,95.0,1250000.0,2.3,95.0,95.0,95.0,95.0,normal,,100.5,0.0
100.0,70.0,500.0,30.0,60.0,1059860.0,0.3,60.0,100.0,60.0,120.0,rock,flying,0.3,0.0
115.0,70.0,480.0,45.0,65.0,1250000.0,0.4,65.0,75.0,95.0,65.0,normal,,19.9,0.0
78.0,70.0,485.0,70.0,135.0,1000000.0,2.0,60.0,91.0,85.0,36.0,fire,dragon,212.0,0.0
98.0,70.0,435.0,180.0,63.0,1000000.0,0.3,65.0,40.0,73.0,96.0,electric,steel,3.3,0.0
90.0,70.0,476.0,45.0,80.0,1000000.0,0.2,55.0,50.0,105.0,96.0,ghost,fairy,0.7,0.0
105.0,70.0,475.0,80.0,70.0,1000000.0,0.9,68.0,70.0,70.0,92.0,water,psychic,19.0,0.0
60.0,70.0,485.0,70.0,85.0,1000000.0,3.0,78.0,135.0,91.0,36.0,normal,dragon,185.0,0.0
131.0,70.0,517.0,25.0,100.0,1000000.0,3.9,70.0,86.0,90.0,40.0,ghost,grass,210.0,0.0
55.0,70.0,300.0,45.0,65.0,1250000.0,0.6,45.0,45.0,45.0,45.0,dragon,,29.7,0.0
75.0,70.0,420.0,45.0,90.0,1250000.0,1.2,55.0,65.0,70.0,65.0,dragon,fighting,47.0,0.0
110.0,70.0,600.0,45.0,125.0,1250000.0,1.6,75.0,100.0,105.0,85.0,dragon,fighting,78.2,0.0
115.0,70.0,570.0,3.0,85.0,1250000.0,1.8,70.0,95.0,75.0,130.0,electric,fairy,20.5,1.0
85.0,70.0,570.0,3.0,75.0,1250000.0,1.2,70.0,130.0,115.0,95.0,psychic,fairy,18.6,1.0
130.0,70.0,570.0,3.0,115.0,1250000.0,1.9,70.0,85.0,95.0,75.0,grass,fairy,45.5,1.0
75.0,70.0,570.0,3.0,115.0,1250000.0,1.3,70.0,95.0,130.0,85.0,water,fairy,21.2,1.0
29.0,0.0,200.0,45.0,31.0,1250000.0,0.2,43.0,29.0,31.0,37.0,psychic,,0.1,1.0
29.0,0.0,400.0,45.0,131.0,1250000.0,0.1,43.0,29.0,131.0,37.0,psychic,,999.9,1.0
137.0,0.0,680.0,45.0,107.0,1250000.0,3.4,137.0,113.0,89.0,97.0,psychic,steel,230.0,1.0
113.0,0.0,680.0,45.0,89.0,1250000.0,4.0,137.0,137.0,107.0,97.0,psychic,ghost,120.0,1.0
53.0,0.0,570.0,45.0,47.0,1250000.0,1.2,109.0,127.0,131.0,103.0,rock,poison,55.5,1.0
139.0,0.0,570.0,25.0,139.0,1250000.0,2.4,107.0,53.0,53.0,79.0,bug,fighting,333.6,1.0
137.0,0.0,570.0,255.0,37.0,1250000.0,1.8,71.0,137.0,37.0,151.0,bug,fighting,25.0,1.0
89.0,0.0,570.0,30.0,71.0,1250000.0,3.8,83.0,173.0,71.0,83.0,electric,,100.0,1.0
101.0,0.0,570.0,25.0,103.0,1250000.0,9.2,97.0,107.0,101.0,61.0,steel,flying,999.9,1.0
181.0,0.0,570.0,255.0,131.0,1250000.0,0.3,59.0,59.0,31.0,109.0,grass,steel,0.1,1.0
101.0,0.0,570.0,15.0,53.0,1250000.0,5.5,223.0,97.0,53.0,43.0,dark,dragon,888.0,1.0
107.0,0.0,600.0,3.0,101.0,1250000.0,2.4,97.0,127.0,89.0,79.0,psychic,,230.0,1.0
95.0,0.0,600.0,3.0,115.0,1250000.0,1.0,80.0,130.0,115.0,65.0,steel,fairy,80.5,1.0
125.0,0.0,600.0,3.0,80.0,1250000.0,0.7,90.0,90.0,90.0,125.0,fighting,ghost,22.2,1.0
73.0,0.0,420.0,3.0,67.0,1250000.0,0.6,67.0,73.0,67.0,73.0,poison,,1.8,1.0
73.0,0.0,540.0,3.0,73.0,1250000.0,3.6,73.0,127.0,73.0,121.0,poison,dragon,150.0,1.0
131.0,0.0,570.0,3.0,211.0,1250000.0,5.5,61.0,53.0,101.0,13.0,rock,steel,820.0,1.0
127.0,0.0,570.0,3.0,53.0,1250000.0,1.8,53.0,151.0,79.0,107.0,fire,ghost,13.0,1.0
112.0,0.0,600.0,3.0,75.0,1250000.0,1.5,88.0,102.0,80.0,143.0,electric,,44.5,1.0
65.0,0.0,300.0,3.0,65.0,1250000.0,0.2,46.0,55.0,35.0,34.0,steel,,8.0,1.0
143.0,0.0,600.0,3.0,143.0,1250000.0,2.5,135.0,80.0,65.0,34.0,steel,,800.0,1.0
130.0,0.0,670.0,10.0,115.0,1250000.0,2.8,92.0,80.0,115.0,138.0,fairy,,110.0,1.0
130.0,0.0,670.0,10.0,115.0,1250000.0,2.9,92.0,80.0,115.0,138.0,fighting,,210.0,1.0
85.0,0.0,690.0,255.0,95.0,1250000.0,20.0,140.0,145.0,95.0,130.0,poison,dragon,950.0,1.0
90.0,50.0,385.0,3.0,60.0,1250000.0,0.6,60.0,53.0,50.0,72.0,fighting,,12.0,1.0
130.0,50.0,550.0,3.0,100.0,1250000.0,1.9,100.0,63.0,60.0,97.0,fighting,dark,105.0,1.0
120.0,0.0,600.0,3.0,105.0,1250000.0,1.8,105.0,70.0,95.0,105.0,dark,grass,70.0,1.0
100.0,35.0,580.0,3.0,50.0,1250000.0,1.2,80.0,100.0,50.0,200.0,electric,,145.0,1.0
100.0,35.0,580.0,3.0,50.0,1250000.0,2.1,200.0,100.0,50.0,80.0,dragon,,200.0,1.0
145.0,35.0,580.0,3.0,130.0,1250000.0,2.2,100.0,65.0,110.0,30.0,ice,,800.0,1.0
65.0,35.0,580.0,3.0,60.0,1250000.0,2.0,100.0,145.0,80.0,130.0,ghost,,44.5,1.0
165.0,100.0,680.0,3.0,150.0,1250000.0,2.4,100.0,85.0,130.0,50.0,psychic,ice,809.1,1.0
85.0,100.0,680.0,3.0,80.0,1250000.0,2.4,100.0,165.0,100.0,150.0,psychic,ghost,53.6,1.0
80.0,100.0,500.0,3.0,80.0,1250000.0,1.1,100.0,80.0,80.0,80.0,psychic,grass,7.7,1.0
115.0,0.0,580.0,3.0,70.0,1250000.0,1.6,74.0,135.0,80.0,106.0,fairy,flying,48.0,1.0
